<!--
* Copyright (C) 2016, Freescale Semiconductor, Inc.
* Copyright 2017 NXP
* The CFG element contains a list of recognized usb devices.
*  DEV elements provide a name, class, vid and pid for each device.
*
* Each LIST element contains a list of update instructions.
*
* Each CMD element contains one update instruction of attribute type.
*  "boot" - Finds configured device, forces it to "body" device and downloads "file".
*  "find" - Waits for "timeout" seconds for the "body" device to connect.
*  "blhost" - Executes a blhost command.
-->


<UCL>

<CFG>
    <STATE name="BootStrap" dev="MXRT102X" vid="1FC9" pid="0130"/> <!-- I.MX SDP USB-HID -->
    <STATE name="Blhost" dev="KBL-HID" vid="15A2" pid="0073"/>   <!--KIBBLE USB-HID-->
</CFG>

<!--
-->
<LIST name="MXRT102x-DevBootSerialFlashXiP" desc="Boot Flashloader">
<!-- Stage 1, load and execute Flashloader -->    
    <CMD state="BootStrap" type="boot" body="BootStrap" file="ivt_flashloader.bin" > Loading Flashloader. </CMD>
    <CMD state="BootStrap" type="jump"  onError = "ignore"> Jumping to Flashloader. </CMD>

<!-- Stage 2, Program boot image into external memory using Flashloader -->   
    <CMD state="Blhost" type="blhost" body="get-property 1" > Get Property 1. </CMD> <!--Used to test if flashloader runs successfully-->
    <CMD state="Blhost" type="blhost" body="fill-memory 0x2000 4 0xc0000007"> Prepare Flash Configuration option </CMD>
    <CMD state="Blhost" type="blhost" body="configure-memory 0x9 0x2000"> Configure QuadSPI NOR Flash </CMD>
    <!-- This erase size need to be updated based on the actual boot image size-->
    <CMD state="Blhost" type="blhost" timeout="30000" body="flash-erase-region 0x60000000 0x100000" > Erase 1MBytes </CMD>  
    <CMD state="Blhost" type="blhost" timeout="15000" body="write-memory 0x60000000 \"Profiles\\MXRT102x\\OS Firmware\\boot_image.bin\"" > Program Boot Image. </CMD> 
    <CMD state="Blhost" type="blhost" body="Update Completed!">Done</CMD>
</LIST>

<LIST name="MXRT102x-DevBootSerialFlashXiP_AliOS" desc="Boot Flashloader">
<!-- Stage 1, load and execute Flashloader -->    
    <CMD state="BootStrap" type="boot" body="BootStrap" file="ivt_flashloader.bin" > Loading Flashloader. </CMD>
    <CMD state="BootStrap" type="jump"  onError = "ignore"> Jumping to Flashloader. </CMD>

<!-- Stage 2, Program boot image into external memory using Flashloader -->   
    <CMD state="Blhost" type="blhost" body="get-property 1" > Get Property 1. </CMD> <!--Used to test if flashloader runs successfully-->
    <CMD state="Blhost" type="blhost" body="fill-memory 0x2000 4 0xc0000007"> Prepare Flash Configuration option </CMD>
    <CMD state="Blhost" type="blhost" body="configure-memory 0x9 0x2000"> Configure QuadSPI NOR Flash </CMD>
    <!-- This erase size need to be updated based on the actual boot image size-->
    <CMD state="Blhost" type="blhost" timeout="100000" body="flash-erase-region 0x60000000 0x100000" > Erase 1MB, !!!Enlarge if image is larger than 1M </CMD>  
    <CMD state="Blhost" type="blhost" timeout="15000" body="write-memory 0x60000000 \"Profiles\\MXRT102x\\OS Firmware\\mini_bl.bin\"" > Program Boot Image. </CMD> 
    <CMD state="Blhost" type="blhost" timeout="15000" body="write-memory 0x60080000 \"Profiles\\MXRT102x\\OS Firmware\\AliOS.bin\"" > Program AliOS Image. </CMD>
    <CMD state="Blhost" type="blhost" body="Update Completed!">Done</CMD>
</LIST>

<LIST name="MXRT102x-DevBootSerialFlashXiP_NoConfigBlock" desc="Boot Flashloader">
<!-- Stage 1, load and execute Flashloader -->    
    <CMD state="BootStrap" type="boot" body="BootStrap" file="ivt_flashloader.bin" > Loading Flashloader. </CMD>
    <CMD state="BootStrap" type="jump"  onError = "ignore"> Jumping to Flashloader. </CMD>

<!-- Stage 2, Program boot image into external memory using Flashloader -->
    <CMD state="Blhost" type="blhost" body="get-property 1" > Get Property 1. </CMD> <!--Used to test if flashloader runs successfully-->
    <CMD state="Blhost" type="blhost" body="fill-memory 0x2000 4 0xc0000007"> Prepare Flash Configuration option </CMD>
    <CMD state="Blhost" type="blhost" body="configure-memory 0x9 0x2000"> Configure QuadSPI NOR Flash </CMD>
    <!-- This erase size need to be updated based on the actual boot image size-->
    <CMD state="Blhost" type="blhost" timeout="30000" body="flash-erase-region 0x60000000 0x10000" > Erase 64KBytes </CMD>  
    <CMD state="Blhost" type="blhost" body="fill-memory 0x3000 4 0xf000000f"> Prepare Magic nubmer for config block programming </CMD>
    <CMD state="Blhost" type="blhost" body="configure-memory 0x9 0x3000"> Write auto-generated config block to QuadSPI NOR Flash </CMD>
    <CMD state="Blhost" type="blhost" timeout="15000" body="write-memory 0x60001000 \"Profiles\\MXRT102x\\OS Firmware\\boot_image.bin\"" > Program Boot Image. </CMD> 
    <CMD state="Blhost" type="blhost" body="Update Completed!">Done</CMD>
</LIST>

<LIST name="MXRT102x-DevBootSerialFlashXiP_NoConfigBlockIvtBootdata" desc="Boot Flashloader">
<!-- Stage 1, load and execute Flashloader -->    
    <CMD state="BootStrap" type="boot" body="BootStrap" file="ivt_flashloader.bin" > Loading Flashloader. </CMD>
    <CMD state="BootStrap" type="jump"  onError = "ignore"> Jumping to Flashloader. </CMD>

<!-- Stage 2, Program boot image into external memory using Flashloader -->
    <CMD state="Blhost" type="blhost" body="get-property 1" > Get Property 1. </CMD> <!--Used to test if flashloader runs successfully-->
    <CMD state="Blhost" type="blhost" body="fill-memory 0x2000 4 0xc0000007"> Prepare Flash Configuration option </CMD>
    <CMD state="Blhost" type="blhost" body="configure-memory 0x9 0x2000"> Configure QuadSPI NOR Flash </CMD>
    <!-- This erase size need to be updated based on the actual boot image size-->
    <CMD state="Blhost" type="blhost" timeout="30000" body="flash-erase-region 0x60000000 0x10000" > Erase 64KBytes </CMD>  
    <CMD state="Blhost" type="blhost" body="fill-memory 0x3000 4 0xf000000f"> Prepare Magic nubmer for config block programming </CMD>
    <CMD state="Blhost" type="blhost" body="configure-memory 0x9 0x3000"> Write auto-generated config block to QuadSPI NOR Flash </CMD>
    <CMD state="Blhost" type="blhost" timeout="15000" body="write-memory 0x60001000 \"Profiles\\MXRT102x\\OS Firmware\\ivt_bootdata.bin\"" > Program Boot Image. </CMD>
    <CMD state="Blhost" type="blhost" timeout="15000" body="write-memory 0x60002000 \"Profiles\\MXRT102x\\OS Firmware\\boot_image.bin\"" > Program Boot Image. </CMD>
    <CMD state="Blhost" type="blhost" body="Update Completed!">Done</CMD>
</LIST>

<LIST name="MXRT102x-DevBoot" desc="Boot Flashloader">
<!-- Stage 1, load and execute Flashloader -->    
    <CMD state="BootStrap" type="boot" body="BootStrap" file="ivt_flashloader.bin" > Loading Flashloader. </CMD>
    <CMD state="BootStrap" type="jump"  onError = "ignore"> Jumping to Flashloader. </CMD>

<!-- Stage 2, Program boot image into external memory using Flashloader -->   
    <CMD state="Blhost" type="blhost" body="get-property 1" > Get Property 1. </CMD> <!--Used to test if flashloader runs successfully-->
    <CMD state="Blhost" type="blhost" timeout="15000" body="receive-sb-file \"Profiles\\MXRT102x\\OS Firmware\\boot_image.sb\"" > Program Boot Image. </CMD> 
    <CMD state="Blhost" type="blhost" body="Update Completed!">Done</CMD>
</LIST>

<LIST name="MXRT102x-SecureBoot" desc="Boot Signed Flashloader">
<!-- Stage 1, load and execute Flashloader -->
    <CMD state="BootStrap" type="boot" body="BootStrap" file="ivt_flashloader_signed.bin" > Loading Flashloader. </CMD>
    <CMD state="BootStrap" type="jump" onError="ignore"> Jumping to Flashloader. </CMD>

<!-- Stage 2, Enable HAB closed mode using Flashloader -->  
    <CMD state="Blhost" type="blhost" body="get-property 1" ifhab="Open" > Get Property 1. </CMD> <!--Used to test if flashloader runs successfully-->
    <CMD state="Blhost" type="blhost" body="receive-sb-file \"Profiles\\MXRT102x\\OS Firmware\\enable_hab.sb\"" ifhab="Open" > Program Boot Image. </CMD>
    <CMD state="Blhost" type="blhost" body="reset" ifhab="Open"> Reset. </CMD> <!--Reset device to enable HAB Close Mode-->

<!-- Stage 3, Program signed image into external memory using Flashloader -->    
    <CMD state="Blhost" type="blhost" body="get-property 1" ifhab="Close"> Get Property 1. </CMD> <!--Used to test if flashloader runs successfully-->
    <CMD state="Blhost" type="blhost" timeout="15000" body="receive-sb-file \"Profiles\\MXRT102x\\OS Firmware\\boot_image.sb\"" ifhab="Close" > Program Boot Image. </CMD> 
    <CMD state="Blhost" type="blhost" body="Update Completed!" ifhab="Close" >Done</CMD>
</LIST>

</UCL>
