{
  "schema": "https://iotx-tsl.oss-ap-southeast-1.aliyuncs.com/schema.json",
  "profile": {
    "version": "1.0",
    "productKey": "a1aqjYKchPd"
  },
  "properties": [
    {
      "identifier": "distance",
      "name": "距离",
      "accessMode": "rw",
      "required": false,
      "dataType": {
        "type": "float",
        "specs": {
          "min": "-1.4E-45",
          "max": "3.4028235E38",
          "step": "0.1"
        }
      }
    }
  ],
  "events": [
    {
      "identifier": "post",
      "name": "post",
      "type": "info",
      "required": true,
      "desc": "属性上报",
      "method": "thing.event.property.post",
      "outputData": [
        {
          "identifier": "distance",
          "name": "距离",
          "dataType": {
            "type": "float",
            "specs": {
              "min": "-1.4E-45",
              "max": "3.4028235E38",
              "step": "0.1"
            }
          }
        }
      ]
    }
  ],
  "services": [
    {
      "identifier": "set",
      "name": "set",
      "required": true,
      "callType": "async",
      "desc": "属性设置",
      "method": "thing.service.property.set",
      "inputData": [
        {
          "identifier": "distance",
          "name": "距离",
          "dataType": {
            "type": "float",
            "specs": {
              "min": "-1.4E-45",
              "max": "3.4028235E38",
              "step": "0.1"
            }
          }
        }
      ],
      "outputData": []
    },
    {
      "identifier": "get",
      "name": "get",
      "required": true,
      "callType": "async",
      "desc": "属性获取",
      "method": "thing.service.property.get",
      "inputData": [
        "isFall",
        "pressure",
        "distance"
      ],
      "outputData": [
        {
          "identifier": "distance",
          "name": "距离",
          "dataType": {
            "type": "float",
            "specs": {
              "min": "-1.4E-45",
              "max": "3.4028235E38",
              "step": "0.1"
            }
          }
        }
      ]
    }
  ]
}