{
  "schema": "https://iotx-tsl.oss-ap-southeast-1.aliyuncs.com/schema.json",
  "profile": {
    "version": "1.0",
    "productKey": "a1JuD7ay6Pj"
  },
  "properties": [
    {
      "identifier": "Longitude",
      "name": "经度",
      "accessMode": "r",
      "required": false,
      "dataType": {
        "type": "double",
        "specs": {
          "min": "-180",
          "max": "180",
          "step": "0.000001"
        }
      }
    },
    {
      "identifier": "Latitude",
      "name": "纬度",
      "accessMode": "r",
      "required": false,
      "dataType": {
        "type": "double",
        "specs": {
          "min": "-180",
          "max": "180",
          "step": "0.0000001"
        }
      }
    }
  ],
  "events": [
    {
      "identifier": "post",
      "name": "post",
      "type": "info",
      "required": true,
      "desc": "属性上报",
      "method": "thing.event.property.post",
      "outputData": [
        {
          "identifier": "Longitude",
          "name": "经度",
          "dataType": {
            "type": "double",
            "specs": {
              "min": "-180",
              "max": "180",
              "step": "0.000001"
            }
          }
        },
        {
          "identifier": "Latitude",
          "name": "纬度",
          "dataType": {
            "type": "double",
            "specs": {
              "min": "-180",
              "max": "180",
              "step": "0.0000001"
            }
          }
        }
      ]
    }
  ],
  "services": [
    {
      "identifier": "set",
      "name": "set",
      "required": true,
      "callType": "async",
      "desc": "属性设置",
      "method": "thing.service.property.set",
      "inputData": [],
      "outputData": []
    },
    {
      "identifier": "get",
      "name": "get",
      "required": true,
      "callType": "async",
      "desc": "属性获取",
      "method": "thing.service.property.get",
      "inputData": [
        "Longitude",
        "Latitude"
      ],
      "outputData": [
        {
          "identifier": "Longitude",
          "name": "经度",
          "dataType": {
            "type": "double",
            "specs": {
              "min": "-180",
              "max": "180",
              "step": "0.000001"
            }
          }
        },
        {
          "identifier": "Latitude",
          "name": "纬度",
          "dataType": {
            "type": "double",
            "specs": {
              "min": "-180",
              "max": "180",
              "step": "0.0000001"
            }
          }
        }
      ]
    }
  ]
}