{
  "schema": "https://iotx-tsl.oss-ap-southeast-1.aliyuncs.com/schema.json",
  "profile": {
    "version": "1.0",
    "productKey": "h3cm6X1T9aR"
  },
  "properties": [
    {
      "identifier": "Sorter_switch",
      "name": "颜色分拣开关",
      "accessMode": "rw",
      "required": false,
      "dataType": {
        "type": "bool",
        "specs": {
          "0": "结束分拣",
          "1": "开始分拣"
        }
      }
    },
    {
      "identifier": "Red_cnt",
      "name": "红色数量",
      "accessMode": "rw",
      "required": false,
      "dataType": {
        "type": "int",
        "specs": {
          "min": "0",
          "max": "1000000",
          "unit": "pcs",
          "unitName": "个",
          "step": "1"
        }
      }
    },
    {
      "identifier": "Yellow_cnt",
      "name": "黄色数量",
      "accessMode": "rw",
      "required": false,
      "dataType": {
        "type": "int",
        "specs": {
          "min": "0",
          "max": "1000000",
          "unit": "pcs",
          "unitName": "个",
          "step": "1"
        }
      }
    },
    {
      "identifier": "Blue_cnt",
      "name": "蓝色数量",
      "accessMode": "rw",
      "required": false,
      "dataType": {
        "type": "int",
        "specs": {
          "min": "0",
          "max": "1000000",
          "unit": "pcs",
          "unitName": "个",
          "step": "1"
        }
      }
    },
    {
      "identifier": "Orange_cnt",
      "name": "橙色数量",
      "accessMode": "rw",
      "required": false,
      "dataType": {
        "type": "int",
        "specs": {
          "min": "0",
          "max": "1000000",
          "unit": "pcs",
          "unitName": "个",
          "step": "1"
        }
      }
    },
    {
      "identifier": "Other_cnt",
      "name": "其他颜色数量",
      "accessMode": "rw",
      "required": false,
      "dataType": {
        "type": "int",
        "specs": {
          "min": "0",
          "max": "1000000",
          "unit": "pcs",
          "unitName": "个",
          "step": "1"
        }
      }
    },
    {
      "identifier": "Green_cnt",
      "name": "绿色数量",
      "accessMode": "rw",
      "required": false,
      "dataType": {
        "type": "int",
        "specs": {
          "min": "0",
          "max": "1000000",
          "unit": "pcs",
          "unitName": "个",
          "step": "1"
        }
      }
    }
  ],
  "events": [
    {
      "identifier": "post",
      "name": "post",
      "type": "info",
      "required": true,
      "desc": "属性上报",
      "method": "thing.event.property.post",
      "outputData": [
        {
          "identifier": "Sorter_switch",
          "name": "颜色分拣开关",
          "dataType": {
            "type": "bool",
            "specs": {
              "0": "结束分拣",
              "1": "开始分拣"
            }
          }
        },
        {
          "identifier": "Red_cnt",
          "name": "红色数量",
          "dataType": {
            "type": "int",
            "specs": {
              "min": "0",
              "max": "1000000",
              "unit": "pcs",
              "unitName": "个",
              "step": "1"
            }
          }
        },
        {
          "identifier": "Yellow_cnt",
          "name": "黄色数量",
          "dataType": {
            "type": "int",
            "specs": {
              "min": "0",
              "max": "1000000",
              "unit": "pcs",
              "unitName": "个",
              "step": "1"
            }
          }
        },
        {
          "identifier": "Blue_cnt",
          "name": "蓝色数量",
          "dataType": {
            "type": "int",
            "specs": {
              "min": "0",
              "max": "1000000",
              "unit": "pcs",
              "unitName": "个",
              "step": "1"
            }
          }
        },
        {
          "identifier": "Orange_cnt",
          "name": "橙色数量",
          "dataType": {
            "type": "int",
            "specs": {
              "min": "0",
              "max": "1000000",
              "unit": "pcs",
              "unitName": "个",
              "step": "1"
            }
          }
        },
        {
          "identifier": "Other_cnt",
          "name": "其他颜色数量",
          "dataType": {
            "type": "int",
            "specs": {
              "min": "0",
              "max": "1000000",
              "unit": "pcs",
              "unitName": "个",
              "step": "1"
            }
          }
        },
        {
          "identifier": "Green_cnt",
          "name": "绿色数量",
          "dataType": {
            "type": "int",
            "specs": {
              "min": "0",
              "max": "1000000",
              "unit": "pcs",
              "unitName": "个",
              "step": "1"
            }
          }
        }
      ]
    }
  ],
  "services": [
    {
      "identifier": "set",
      "name": "set",
      "required": true,
      "callType": "async",
      "desc": "属性设置",
      "method": "thing.service.property.set",
      "inputData": [
        {
          "identifier": "Sorter_switch",
          "name": "颜色分拣开关",
          "dataType": {
            "type": "bool",
            "specs": {
              "0": "结束分拣",
              "1": "开始分拣"
            }
          }
        },
        {
          "identifier": "Red_cnt",
          "name": "红色数量",
          "dataType": {
            "type": "int",
            "specs": {
              "min": "0",
              "max": "1000000",
              "unit": "pcs",
              "unitName": "个",
              "step": "1"
            }
          }
        },
        {
          "identifier": "Yellow_cnt",
          "name": "黄色数量",
          "dataType": {
            "type": "int",
            "specs": {
              "min": "0",
              "max": "1000000",
              "unit": "pcs",
              "unitName": "个",
              "step": "1"
            }
          }
        },
        {
          "identifier": "Blue_cnt",
          "name": "蓝色数量",
          "dataType": {
            "type": "int",
            "specs": {
              "min": "0",
              "max": "1000000",
              "unit": "pcs",
              "unitName": "个",
              "step": "1"
            }
          }
        },
        {
          "identifier": "Orange_cnt",
          "name": "橙色数量",
          "dataType": {
            "type": "int",
            "specs": {
              "min": "0",
              "max": "1000000",
              "unit": "pcs",
              "unitName": "个",
              "step": "1"
            }
          }
        },
        {
          "identifier": "Other_cnt",
          "name": "其他颜色数量",
          "dataType": {
            "type": "int",
            "specs": {
              "min": "0",
              "max": "1000000",
              "unit": "pcs",
              "unitName": "个",
              "step": "1"
            }
          }
        },
        {
          "identifier": "Green_cnt",
          "name": "绿色数量",
          "dataType": {
            "type": "int",
            "specs": {
              "min": "0",
              "max": "1000000",
              "unit": "pcs",
              "unitName": "个",
              "step": "1"
            }
          }
        }
      ],
      "outputData": []
    },
    {
      "identifier": "get",
      "name": "get",
      "required": true,
      "callType": "async",
      "desc": "属性获取",
      "method": "thing.service.property.get",
      "inputData": [
        "Sorter_switch",
        "Red_cnt",
        "Yellow_cnt",
        "Blue_cnt",
        "Orange_cnt",
        "Other_cnt",
        "Green_cnt"
      ],
      "outputData": [
        {
          "identifier": "Sorter_switch",
          "name": "颜色分拣开关",
          "dataType": {
            "type": "bool",
            "specs": {
              "0": "结束分拣",
              "1": "开始分拣"
            }
          }
        },
        {
          "identifier": "Red_cnt",
          "name": "红色数量",
          "dataType": {
            "type": "int",
            "specs": {
              "min": "0",
              "max": "1000000",
              "unit": "pcs",
              "unitName": "个",
              "step": "1"
            }
          }
        },
        {
          "identifier": "Yellow_cnt",
          "name": "黄色数量",
          "dataType": {
            "type": "int",
            "specs": {
              "min": "0",
              "max": "1000000",
              "unit": "pcs",
              "unitName": "个",
              "step": "1"
            }
          }
        },
        {
          "identifier": "Blue_cnt",
          "name": "蓝色数量",
          "dataType": {
            "type": "int",
            "specs": {
              "min": "0",
              "max": "1000000",
              "unit": "pcs",
              "unitName": "个",
              "step": "1"
            }
          }
        },
        {
          "identifier": "Orange_cnt",
          "name": "橙色数量",
          "dataType": {
            "type": "int",
            "specs": {
              "min": "0",
              "max": "1000000",
              "unit": "pcs",
              "unitName": "个",
              "step": "1"
            }
          }
        },
        {
          "identifier": "Other_cnt",
          "name": "其他颜色数量",
          "dataType": {
            "type": "int",
            "specs": {
              "min": "0",
              "max": "1000000",
              "unit": "pcs",
              "unitName": "个",
              "step": "1"
            }
          }
        },
        {
          "identifier": "Green_cnt",
          "name": "绿色数量",
          "dataType": {
            "type": "int",
            "specs": {
              "min": "0",
              "max": "1000000",
              "unit": "pcs",
              "unitName": "个",
              "step": "1"
            }
          }
        }
      ]
    }
  ]
}