{
  "schema": "https://iotx-tsl.oss-ap-southeast-1.aliyuncs.com/schema.json",
  "profile": {
    "version": "1.0",
    "productKey": "a1laDtv9VrO"
  },
  "properties": [
    {
      "identifier": "sound",
      "name": "声音分贝值",
      "accessMode": "r",
      "required": false,
      "dataType": {
        "type": "float",
        "specs": {
          "min": "0",
          "max": "500",
          "unit": "dB",
          "unitName": "分贝",
          "step": "0.1"
        }
      }
    },
    {
      "identifier": "red_led",
      "name": "点亮红灯",
      "accessMode": "rw",
      "required": false,
      "dataType": {
        "type": "bool",
        "specs": {
          "0": "关",
          "1": "开"
        }
      }
    },
    {
      "identifier": "green_led",
      "name": "点亮绿灯",
      "accessMode": "rw",
      "required": false,
      "dataType": {
        "type": "bool",
        "specs": {
          "0": "关",
          "1": "开"
        }
      }
    },
    {
      "identifier": "blue_led",
      "name": "点亮蓝灯",
      "accessMode": "rw",
      "required": false,
      "dataType": {
        "type": "bool",
        "specs": {
          "0": "关",
          "1": "开"
        }
      }
    },
    {
      "identifier": "buzzer",
      "name": "开蜂鸣器",
      "accessMode": "rw",
      "required": false,
      "dataType": {
        "type": "bool",
        "specs": {
          "0": "关",
          "1": "开"
        }
      }
    }
  ],
  "events": [
    {
      "identifier": "post",
      "name": "post",
      "type": "info",
      "required": true,
      "desc": "属性上报",
      "method": "thing.event.property.post",
      "outputData": [
        {
          "identifier": "sound",
          "name": "声音分贝值",
          "dataType": {
            "type": "float",
            "specs": {
              "min": "0",
              "max": "500",
              "unit": "dB",
              "unitName": "分贝",
              "step": "0.1"
            }
          }
        },
        {
          "identifier": "red_led",
          "name": "点亮红灯",
          "dataType": {
            "type": "bool",
            "specs": {
              "0": "关",
              "1": "开"
            }
          }
        },
        {
          "identifier": "green_led",
          "name": "点亮绿灯",
          "dataType": {
            "type": "bool",
            "specs": {
              "0": "关",
              "1": "开"
            }
          }
        },
        {
          "identifier": "blue_led",
          "name": "点亮蓝灯",
          "dataType": {
            "type": "bool",
            "specs": {
              "0": "关",
              "1": "开"
            }
          }
        },
        {
          "identifier": "buzzer",
          "name": "开蜂鸣器",
          "dataType": {
            "type": "bool",
            "specs": {
              "0": "关",
              "1": "开"
            }
          }
        }
      ]
    }
  ],
  "services": [
    {
      "identifier": "set",
      "name": "set",
      "required": true,
      "callType": "async",
      "desc": "属性设置",
      "method": "thing.service.property.set",
      "inputData": [
        {
          "identifier": "red_led",
          "name": "点亮红灯",
          "dataType": {
            "type": "bool",
            "specs": {
              "0": "关",
              "1": "开"
            }
          }
        },
        {
          "identifier": "green_led",
          "name": "点亮绿灯",
          "dataType": {
            "type": "bool",
            "specs": {
              "0": "关",
              "1": "开"
            }
          }
        },
        {
          "identifier": "blue_led",
          "name": "点亮蓝灯",
          "dataType": {
            "type": "bool",
            "specs": {
              "0": "关",
              "1": "开"
            }
          }
        },
        {
          "identifier": "buzzer",
          "name": "开蜂鸣器",
          "dataType": {
            "type": "bool",
            "specs": {
              "0": "关",
              "1": "开"
            }
          }
        }
      ],
      "outputData": []
    },
    {
      "identifier": "get",
      "name": "get",
      "required": true,
      "callType": "async",
      "desc": "属性获取",
      "method": "thing.service.property.get",
      "inputData": [
        "sound",
        "red_led",
        "green_led",
        "blue_led",
        "buzzer"
      ],
      "outputData": [
        {
          "identifier": "sound",
          "name": "声音分贝值",
          "dataType": {
            "type": "float",
            "specs": {
              "min": "0",
              "max": "500",
              "unit": "dB",
              "unitName": "分贝",
              "step": "0.1"
            }
          }
        },
        {
          "identifier": "red_led",
          "name": "点亮红灯",
          "dataType": {
            "type": "bool",
            "specs": {
              "0": "关",
              "1": "开"
            }
          }
        },
        {
          "identifier": "green_led",
          "name": "点亮绿灯",
          "dataType": {
            "type": "bool",
            "specs": {
              "0": "关",
              "1": "开"
            }
          }
        },
        {
          "identifier": "blue_led",
          "name": "点亮蓝灯",
          "dataType": {
            "type": "bool",
            "specs": {
              "0": "关",
              "1": "开"
            }
          }
        },
        {
          "identifier": "buzzer",
          "name": "开蜂鸣器",
          "dataType": {
            "type": "bool",
            "specs": {
              "0": "关",
              "1": "开"
            }
          }
        }
      ]
    }
  ]
}