{
  "schema": "https://iotx-tsl.oss-ap-southeast-1.aliyuncs.com/schema.json",
  "profile": {
    "version": "1.0",
    "productKey": "gp3adOzaHU7"
  },
  "properties": [
    {
      "identifier": "Frequency",
      "name": "当前频段",
      "accessMode": "rw",
      "required": false,
      "dataType": {
        "type": "float",
        "specs": {
          "min": "87.5",
          "max": "108.00",
          "step": "0.1"
        }
      }
    },
    {
      "identifier": "ADCLevel",
      "name": "当前波段信号强度",
      "accessMode": "rw",
      "required": false,
      "dataType": {
        "type": "int",
        "specs": {
          "min": "0",
          "max": "7",
          "step": "1"
        }
      }
    },
    {
      "identifier": "SearchFrequency",
      "name": "开启搜台",
      "accessMode": "rw",
      "required": false,
      "dataType": {
        "type": "bool",
        "specs": {
          "0": "关闭搜台",
          "1": "开启搜台"
        }
      }
    },
    {
      "identifier": "Mute",
      "name": "声音开关",
      "accessMode": "rw",
      "required": false,
      "dataType": {
        "type": "bool",
        "specs": {
          "0": "关闭声音",
          "1": "开启声音"
        }
      }
    }
  ],
  "events": [
    {
      "identifier": "post",
      "name": "post",
      "type": "info",
      "required": true,
      "desc": "属性上报",
      "method": "thing.event.property.post",
      "outputData": [
        {
          "identifier": "Frequency",
          "name": "当前频段",
          "dataType": {
            "type": "float",
            "specs": {
              "min": "87.5",
              "max": "108.00",
              "step": "0.1"
            }
          }
        },
        {
          "identifier": "ADCLevel",
          "name": "当前波段信号强度",
          "dataType": {
            "type": "int",
            "specs": {
              "min": "0",
              "max": "7",
              "step": "1"
            }
          }
        },
        {
          "identifier": "SearchFrequency",
          "name": "开启搜台",
          "dataType": {
            "type": "bool",
            "specs": {
              "0": "关闭搜台",
              "1": "开启搜台"
            }
          }
        },
        {
          "identifier": "Mute",
          "name": "声音开关",
          "dataType": {
            "type": "bool",
            "specs": {
              "0": "关闭声音",
              "1": "开启声音"
            }
          }
        }
      ]
    }
  ],
  "services": [
    {
      "identifier": "set",
      "name": "set",
      "required": true,
      "callType": "async",
      "desc": "属性设置",
      "method": "thing.service.property.set",
      "inputData": [
        {
          "identifier": "Frequency",
          "name": "当前频段",
          "dataType": {
            "type": "float",
            "specs": {
              "min": "87.5",
              "max": "108.00",
              "step": "0.1"
            }
          }
        },
        {
          "identifier": "ADCLevel",
          "name": "当前波段信号强度",
          "dataType": {
            "type": "int",
            "specs": {
              "min": "0",
              "max": "7",
              "step": "1"
            }
          }
        },
        {
          "identifier": "SearchFrequency",
          "name": "开启搜台",
          "dataType": {
            "type": "bool",
            "specs": {
              "0": "关闭搜台",
              "1": "开启搜台"
            }
          }
        },
        {
          "identifier": "Mute",
          "name": "声音开关",
          "dataType": {
            "type": "bool",
            "specs": {
              "0": "关闭声音",
              "1": "开启声音"
            }
          }
        }
      ],
      "outputData": []
    },
    {
      "identifier": "get",
      "name": "get",
      "required": true,
      "callType": "async",
      "desc": "属性获取",
      "method": "thing.service.property.get",
      "inputData": [
        "Frequency",
        "ADCLevel",
        "SearchFrequency",
        "Mute"
      ],
      "outputData": [
        {
          "identifier": "Frequency",
          "name": "当前频段",
          "dataType": {
            "type": "float",
            "specs": {
              "min": "87.5",
              "max": "108.00",
              "step": "0.1"
            }
          }
        },
        {
          "identifier": "ADCLevel",
          "name": "当前波段信号强度",
          "dataType": {
            "type": "int",
            "specs": {
              "min": "0",
              "max": "7",
              "step": "1"
            }
          }
        },
        {
          "identifier": "SearchFrequency",
          "name": "开启搜台",
          "dataType": {
            "type": "bool",
            "specs": {
              "0": "关闭搜台",
              "1": "开启搜台"
            }
          }
        },
        {
          "identifier": "Mute",
          "name": "声音开关",
          "dataType": {
            "type": "bool",
            "specs": {
              "0": "关闭声音",
              "1": "开启声音"
            }
          }
        }
      ]
    }
  ]
}