{
  "schema": "https://iotx-tsl.oss-ap-southeast-1.aliyuncs.com/schema.json",
  "profile": {
    "version": "1.0",
    "productKey": "a1laDtv9VrO"
  },
  "properties": [
    {
      "identifier": "distance",
      "name": "距离",
      "accessMode": "rw",
      "required": false,
      "dataType": {
        "type": "double",
        "specs": {
          "min": "20",
          "max": "600",
          "unit": "cm",
          "unitName": "厘米",
          "step": "0.0001"
        }
      }
    },
    {
      "identifier": "safe_distance",
      "name": "设置报警距离",
      "accessMode": "rw",
      "required": false,
      "dataType": {
        "type": "int",
        "specs": {
          "min": "25",
          "max": "600",
          "unit": "cm",
          "unitName": "厘米",
          "step": "1"
        }
      }
    }
  ],
  "events": [
    {
      "identifier": "post",
      "name": "post",
      "type": "info",
      "required": true,
      "desc": "属性上报",
      "method": "thing.event.property.post",
      "outputData": [
        {
          "identifier": "distance",
          "name": "距离",
          "dataType": {
            "type": "double",
            "specs": {
              "min": "20",
              "max": "600",
              "unit": "cm",
              "unitName": "厘米",
              "step": "0.0001"
            }
          }
        },
        {
          "identifier": "safe_distance",
          "name": "设置报警距离",
          "dataType": {
            "type": "int",
            "specs": {
              "min": "25",
              "max": "600",
              "unit": "cm",
              "unitName": "厘米",
              "step": "1"
            }
          }
        }
      ]
    }
  ],
  "services": [
    {
      "identifier": "set",
      "name": "set",
      "required": true,
      "callType": "async",
      "desc": "属性设置",
      "method": "thing.service.property.set",
      "inputData": [
        {
          "identifier": "distance",
          "name": "距离",
          "dataType": {
            "type": "double",
            "specs": {
              "min": "20",
              "max": "600",
              "unit": "cm",
              "unitName": "厘米",
              "step": "0.0001"
            }
          }
        },
        {
          "identifier": "safe_distance",
          "name": "设置报警距离",
          "dataType": {
            "type": "int",
            "specs": {
              "min": "25",
              "max": "600",
              "unit": "cm",
              "unitName": "厘米",
              "step": "1"
            }
          }
        }
      ],
      "outputData": []
    },
    {
      "identifier": "get",
      "name": "get",
      "required": true,
      "callType": "async",
      "desc": "属性获取",
      "method": "thing.service.property.get",
      "inputData": [
        "distance",
        "safe_distance"
      ],
      "outputData": [
        {
          "identifier": "distance",
          "name": "距离",
          "dataType": {
            "type": "double",
            "specs": {
              "min": "20",
              "max": "600",
              "unit": "cm",
              "unitName": "厘米",
              "step": "0.0001"
            }
          }
        },
        {
          "identifier": "safe_distance",
          "name": "设置报警距离",
          "dataType": {
            "type": "int",
            "specs": {
              "min": "25",
              "max": "600",
              "unit": "cm",
              "unitName": "厘米",
              "step": "1"
            }
          }
        }
      ]
    }
  ]
}