{
  "schema": "https://iotx-tsl.oss-ap-southeast-1.aliyuncs.com/schema.json",
  "profile": {
    "version": "1.0",
    "productKey": "a1A9j0EmrQr"
  },
  "properties": [
    {
      "identifier": "mode",
      "name": "模式",
      "accessMode": "rw",
      "required": false,
      "dataType": {
        "type": "enum",
        "specs": {
          "0": "关闭",
          "1": "彩色跑马灯",
          "2": "蓝色跑马灯",
          "3": "反向彩色跑马灯",
          "4": "霓虹灯",
          "5": "常亮蓝色"
        }
      }
    }
  ],
  "events": [
    {
      "identifier": "post",
      "name": "post",
      "type": "info",
      "required": true,
      "desc": "属性上报",
      "method": "thing.event.property.post",
      "outputData": [
        {
          "identifier": "mode",
          "name": "模式",
          "dataType": {
            "type": "enum",
            "specs": {
              "0": "关闭",
              "1": "彩色跑马灯",
              "2": "蓝色跑马灯",
              "3": "反向彩色跑马灯",
              "4": "霓虹灯",
              "5": "常亮蓝色"
            }
          }
        }
      ]
    }
  ],
  "services": [
    {
      "identifier": "set",
      "name": "set",
      "required": true,
      "callType": "async",
      "desc": "属性设置",
      "method": "thing.service.property.set",
      "inputData": [
        {
          "identifier": "mode",
          "name": "模式",
          "dataType": {
            "type": "enum",
            "specs": {
              "0": "关闭",
              "1": "彩色跑马灯",
              "2": "蓝色跑马灯",
              "3": "反向彩色跑马灯",
              "4": "霓虹灯",
              "5": "常亮蓝色"
            }
          }
        }
      ],
      "outputData": []
    },
    {
      "identifier": "get",
      "name": "get",
      "required": true,
      "callType": "async",
      "desc": "属性获取",
      "method": "thing.service.property.get",
      "inputData": [
        "mode"
      ],
      "outputData": [
        {
          "identifier": "mode",
          "name": "模式",
          "dataType": {
            "type": "enum",
            "specs": {
              "0": "关闭",
              "1": "彩色跑马灯",
              "2": "蓝色跑马灯",
              "3": "反向彩色跑马灯",
              "4": "霓虹灯",
              "5": "常亮蓝色"
            }
          }
        }
      ]
    }
  ]
}