{
  "schema": "https://iotx-tsl.oss-ap-southeast-1.aliyuncs.com/schema.json",
  "profile": {
    "version": "1.0",
    "productKey": "a1JuD7ay6Pj"
  },
  "properties": [
    {
      "identifier": "open_door",
      "name": "开门",
      "accessMode": "rw",
      "required": false,
      "dataType": {
        "type": "bool",
        "specs": {
          "0": "没反应",
          "1": "开门"
        }
      }
    },
    {
      "identifier": "rfid",
      "name": "卡片号",
      "accessMode": "r",
      "required": false,
      "dataType": {
        "type": "text",
        "specs": {
          "length": "100"
        }
      }
    }
  ],
  "events": [
    {
      "identifier": "post",
      "name": "post",
      "type": "info",
      "required": true,
      "desc": "属性上报",
      "method": "thing.event.property.post",
      "outputData": [
        {
          "identifier": "open_door",
          "name": "开门",
          "dataType": {
            "type": "bool",
            "specs": {
              "0": "没反应",
              "1": "开门"
            }
          }
        },
        {
          "identifier": "rfid",
          "name": "卡片号",
          "dataType": {
            "type": "text",
            "specs": {
              "length": "100"
            }
          }
        }
      ]
    }
  ],
  "services": [
    {
      "identifier": "set",
      "name": "set",
      "required": true,
      "callType": "async",
      "desc": "属性设置",
      "method": "thing.service.property.set",
      "inputData": [
        {
          "identifier": "open_door",
          "name": "开门",
          "dataType": {
            "type": "bool",
            "specs": {
              "0": "没反应",
              "1": "开门"
            }
          }
        }
      ],
      "outputData": []
    },
    {
      "identifier": "get",
      "name": "get",
      "required": true,
      "callType": "async",
      "desc": "属性获取",
      "method": "thing.service.property.get",
      "inputData": [
        "open_door",
        "rfid"
      ],
      "outputData": [
        {
          "identifier": "open_door",
          "name": "开门",
          "dataType": {
            "type": "bool",
            "specs": {
              "0": "没反应",
              "1": "开门"
            }
          }
        },
        {
          "identifier": "rfid",
          "name": "卡片号",
          "dataType": {
            "type": "text",
            "specs": {
              "length": "100"
            }
          }
        }
      ]
    }
  ]
}