{
  "schema": "https://iotx-tsl.oss-ap-southeast-1.aliyuncs.com/schema.json",
  "profile": {
    "version": "1.0",
    "productKey": "a1A9j0EmrQr"
  },
  "properties": [
    {
      "identifier": "warning",
      "name": "注意休息",
      "accessMode": "rw",
      "required": false,
      "dataType": {
        "type": "bool",
        "specs": {
          "0": "停止报警",
          "1": "开始报警"
        }
      }
    }
  ],
  "events": [
    {
      "identifier": "post",
      "name": "post",
      "type": "info",
      "required": true,
      "desc": "属性上报",
      "method": "thing.event.property.post",
      "outputData": [
        {
          "identifier": "warning",
          "name": "注意休息",
          "dataType": {
            "type": "bool",
            "specs": {
              "0": "停止报警",
              "1": "开始报警"
            }
          }
        }
      ]
    }
  ],
  "services": [
    {
      "identifier": "set",
      "name": "set",
      "required": true,
      "callType": "async",
      "desc": "属性设置",
      "method": "thing.service.property.set",
      "inputData": [
        {
          "identifier": "warning",
          "name": "注意休息",
          "dataType": {
            "type": "bool",
            "specs": {
              "0": "停止报警",
              "1": "开始报警"
            }
          }
        }
      ],
      "outputData": []
    },
    {
      "identifier": "get",
      "name": "get",
      "required": true,
      "callType": "async",
      "desc": "属性获取",
      "method": "thing.service.property.get",
      "inputData": [
        "warning"
      ],
      "outputData": [
        {
          "identifier": "warning",
          "name": "注意休息",
          "dataType": {
            "type": "bool",
            "specs": {
              "0": "停止报警",
              "1": "开始报警"
            }
          }
        }
      ]
    }
  ]
}