{
  "schema": "https://iotx-tsl.oss-ap-southeast-1.aliyuncs.com/schema.json",
  "profile": {
    "version": "1.0",
    "productKey": "a1JuD7ay6Pj"
  },
  "properties": [
    {
      "identifier": "brightness",
      "name": "光强电压值",
      "accessMode": "rw",
      "required": false,
      "dataType": {
        "type": "int",
        "specs": {
          "min": "0",
          "max": "65535",
          "step": "1"
        }
      }
    },
    {
      "identifier": "onoff",
      "name": "开关",
      "accessMode": "rw",
      "required": false,
      "dataType": {
        "type": "bool",
        "specs": {
          "0": "关",
          "1": "开"
        }
      }
    }
  ],
  "events": [
    {
      "identifier": "post",
      "name": "post",
      "type": "info",
      "required": true,
      "desc": "属性上报",
      "method": "thing.event.property.post",
      "outputData": [
        {
          "identifier": "brightness",
          "name": "光强电压值",
          "dataType": {
            "type": "int",
            "specs": {
              "min": "0",
              "max": "65535",
              "step": "1"
            }
          }
        },
        {
          "identifier": "onoff",
          "name": "开关",
          "dataType": {
            "type": "bool",
            "specs": {
              "0": "关",
              "1": "开"
            }
          }
        }
      ]
    }
  ],
  "services": [
    {
      "identifier": "set",
      "name": "set",
      "required": true,
      "callType": "async",
      "desc": "属性设置",
      "method": "thing.service.property.set",
      "inputData": [
        {
          "identifier": "brightness",
          "name": "光强电压值",
          "dataType": {
            "type": "int",
            "specs": {
              "min": "0",
              "max": "65535",
              "step": "1"
            }
          }
        },
        {
          "identifier": "onoff",
          "name": "开关",
          "dataType": {
            "type": "bool",
            "specs": {
              "0": "关",
              "1": "开"
            }
          }
        }
      ],
      "outputData": []
    },
    {
      "identifier": "get",
      "name": "get",
      "required": true,
      "callType": "async",
      "desc": "属性获取",
      "method": "thing.service.property.get",
      "inputData": [
        "brightness",
        "onoff"
      ],
      "outputData": [
        {
          "identifier": "brightness",
          "name": "光强电压值",
          "dataType": {
            "type": "int",
            "specs": {
              "min": "0",
              "max": "65535",
              "step": "1"
            }
          }
        },
        {
          "identifier": "onoff",
          "name": "开关",
          "dataType": {
            "type": "bool",
            "specs": {
              "0": "关",
              "1": "开"
            }
          }
        }
      ]
    }
  ]
}