{
  "schema": "https://iotx-tsl.oss-ap-southeast-1.aliyuncs.com/schema.json",
  "profile": {
    "version": "1.0",
    "productKey": "a1A9j0EmrQr"
  },
  "properties": [
    {
      "identifier": "hcho",
      "name": "甲醛浓度",
      "accessMode": "r",
      "required": false,
      "dataType": {
        "type": "double",
        "specs": {
          "min": "0",
          "max": "1",
          "unit": "ppm",
          "unitName": "百万分率",
          "step": "0.001"
        }
      }
    }
  ],
  "events": [
    {
      "identifier": "post",
      "name": "post",
      "type": "info",
      "required": true,
      "desc": "属性上报",
      "method": "thing.event.property.post",
      "outputData": [
        {
          "identifier": "hcho",
          "name": "甲醛浓度",
          "dataType": {
            "type": "double",
            "specs": {
              "min": "0",
              "max": "1",
              "unit": "ppm",
              "unitName": "百万分率",
              "step": "0.001"
            }
          }
        }
      ]
    }
  ],
  "services": [
    {
      "identifier": "set",
      "name": "set",
      "required": true,
      "callType": "async",
      "desc": "属性设置",
      "method": "thing.service.property.set",
      "inputData": [],
      "outputData": []
    },
    {
      "identifier": "get",
      "name": "get",
      "required": true,
      "callType": "async",
      "desc": "属性获取",
      "method": "thing.service.property.get",
      "inputData": [
        "hcho"
      ],
      "outputData": [
        {
          "identifier": "hcho",
          "name": "甲醛浓度",
          "dataType": {
            "type": "double",
            "specs": {
              "min": "0",
              "max": "1",
              "unit": "ppm",
              "unitName": "百万分率",
              "step": "0.001"
            }
          }
        }
      ]
    }
  ]
}