{
  "schema": "https://iotx-tsl.oss-ap-southeast-1.aliyuncs.com/schema.json",
  "profile": {
    "version": "1.0",
    "productKey": "h3cmtQJN1wy"
  },
  "properties": [
    {
      "identifier": "magnetic_switch",
      "name": "门磁报警开关",
      "accessMode": "rw",
      "desc": "是否打开门磁报警",
      "required": false,
      "dataType": {
        "type": "bool",
        "specs": {
          "0": "关闭",
          "1": "打开"
        }
      }
    },
    {
      "identifier": "alarm_count",
      "name": "报警触发次数",
      "accessMode": "rw",
      "desc": "门磁报警触发的次数",
      "required": false,
      "dataType": {
        "type": "int",
        "specs": {
          "min": "-2147483648",
          "max": "2147483647",
          "unit": "count",
          "unitName": "次",
          "step": "1"
        }
      }
    },
    {
      "identifier": "alarm_status",
      "name": "报警触发状态",
      "accessMode": "rw",
      "required": false,
      "dataType": {
        "type": "bool",
        "specs": {
          "0": "门磁报警未触发",
          "1": "门磁报警触发"
        }
      }
    },
    {
      "identifier": "PictureURL",
      "name": "图片地址",
      "accessMode": "r",
      "required": false,
      "dataType": {
        "type": "text",
        "specs": {
          "length": "255"
        }
      }
    }
  ],
  "events": [
    {
      "identifier": "post",
      "name": "post",
      "type": "info",
      "required": true,
      "desc": "属性上报",
      "method": "thing.event.property.post",
      "outputData": [
        {
          "identifier": "magnetic_switch",
          "name": "门磁报警开关",
          "dataType": {
            "type": "bool",
            "specs": {
              "0": "关闭",
              "1": "打开"
            }
          }
        },
        {
          "identifier": "alarm_count",
          "name": "报警触发次数",
          "dataType": {
            "type": "int",
            "specs": {
              "min": "-2147483648",
              "max": "2147483647",
              "unit": "count",
              "unitName": "次",
              "step": "1"
            }
          }
        },
        {
          "identifier": "alarm_status",
          "name": "报警触发状态",
          "dataType": {
            "type": "bool",
            "specs": {
              "0": "门磁报警未触发",
              "1": "门磁报警触发"
            }
          }
        },
        {
          "identifier": "PictureURL",
          "name": "图片地址",
          "dataType": {
            "type": "text",
            "specs": {
              "length": "255"
            }
          }
        }
      ]
    }
  ],
  "services": [
    {
      "identifier": "set",
      "name": "set",
      "required": true,
      "callType": "async",
      "desc": "属性设置",
      "method": "thing.service.property.set",
      "inputData": [
        {
          "identifier": "magnetic_switch",
          "name": "门磁报警开关",
          "dataType": {
            "type": "bool",
            "specs": {
              "0": "关闭",
              "1": "打开"
            }
          }
        },
        {
          "identifier": "alarm_count",
          "name": "报警触发次数",
          "dataType": {
            "type": "int",
            "specs": {
              "min": "-2147483648",
              "max": "2147483647",
              "unit": "count",
              "unitName": "次",
              "step": "1"
            }
          }
        },
        {
          "identifier": "alarm_status",
          "name": "报警触发状态",
          "dataType": {
            "type": "bool",
            "specs": {
              "0": "门磁报警未触发",
              "1": "门磁报警触发"
            }
          }
        }
      ],
      "outputData": []
    },
    {
      "identifier": "get",
      "name": "get",
      "required": true,
      "callType": "async",
      "desc": "属性获取",
      "method": "thing.service.property.get",
      "inputData": [
        "magnetic_switch",
        "alarm_count",
        "alarm_status",
        "PictureURL"
      ],
      "outputData": [
        {
          "identifier": "magnetic_switch",
          "name": "门磁报警开关",
          "dataType": {
            "type": "bool",
            "specs": {
              "0": "关闭",
              "1": "打开"
            }
          }
        },
        {
          "identifier": "alarm_count",
          "name": "报警触发次数",
          "dataType": {
            "type": "int",
            "specs": {
              "min": "-2147483648",
              "max": "2147483647",
              "unit": "count",
              "unitName": "次",
              "step": "1"
            }
          }
        },
        {
          "identifier": "alarm_status",
          "name": "报警触发状态",
          "dataType": {
            "type": "bool",
            "specs": {
              "0": "门磁报警未触发",
              "1": "门磁报警触发"
            }
          }
        },
        {
          "identifier": "PictureURL",
          "name": "图片地址",
          "dataType": {
            "type": "text",
            "specs": {
              "length": "255"
            }
          }
        }
      ]
    }
  ]
}