{
  "schema": "https://iotx-tsl.oss-ap-southeast-1.aliyuncs.com/schema.json",
  "profile": {
    "version": "1.0",
    "productKey": "a1A9j0EmrQr"
  },
  "properties": [
    {
      "identifier": "gear2",
      "name": "档位二温度",
      "accessMode": "rw",
      "required": false,
      "dataType": {
        "type": "int",
        "specs": {
          "min": "0",
          "max": "100",
          "step": "1"
        }
      }
    },
    {
      "identifier": "gear1",
      "name": "档位一温度",
      "accessMode": "rw",
      "required": false,
      "dataType": {
        "type": "int",
        "specs": {
          "min": "0",
          "max": "100",
          "step": "1"
        }
      }
    },
    {
      "identifier": "temp",
      "name": "当前温度",
      "accessMode": "rw",
      "required": false,
      "dataType": {
        "type": "float",
        "specs": {
          "min": "0",
          "max": "100",
          "step": "0.1"
        }
      }
    },
    {
      "identifier": "gear3",
      "name": "档位三温度",
      "accessMode": "rw",
      "required": false,
      "dataType": {
        "type": "int",
        "specs": {
          "min": "0",
          "max": "100",
          "step": "1"
        }
      }
    }
  ],
  "events": [
    {
      "identifier": "post",
      "name": "post",
      "type": "info",
      "required": true,
      "desc": "属性上报",
      "method": "thing.event.property.post",
      "outputData": [
        {
          "identifier": "gear2",
          "name": "档位二温度",
          "dataType": {
            "type": "int",
            "specs": {
              "min": "0",
              "max": "100",
              "step": "1"
            }
          }
        },
        {
          "identifier": "gear1",
          "name": "档位一温度",
          "dataType": {
            "type": "int",
            "specs": {
              "min": "0",
              "max": "100",
              "step": "1"
            }
          }
        },
        {
          "identifier": "temp",
          "name": "当前温度",
          "dataType": {
            "type": "float",
            "specs": {
              "min": "0",
              "max": "100",
              "step": "0.1"
            }
          }
        },
        {
          "identifier": "gear3",
          "name": "档位三温度",
          "dataType": {
            "type": "int",
            "specs": {
              "min": "0",
              "max": "100",
              "step": "1"
            }
          }
        }
      ]
    }
  ],
  "services": [
    {
      "identifier": "set",
      "name": "set",
      "required": true,
      "callType": "async",
      "desc": "属性设置",
      "method": "thing.service.property.set",
      "inputData": [
        {
          "identifier": "gear2",
          "name": "档位二温度",
          "dataType": {
            "type": "int",
            "specs": {
              "min": "0",
              "max": "100",
              "step": "1"
            }
          }
        },
        {
          "identifier": "gear1",
          "name": "档位一温度",
          "dataType": {
            "type": "int",
            "specs": {
              "min": "0",
              "max": "100",
              "step": "1"
            }
          }
        },
        {
          "identifier": "temp",
          "name": "当前温度",
          "dataType": {
            "type": "float",
            "specs": {
              "min": "0",
              "max": "100",
              "step": "0.1"
            }
          }
        },
        {
          "identifier": "gear3",
          "name": "档位三温度",
          "dataType": {
            "type": "int",
            "specs": {
              "min": "0",
              "max": "100",
              "step": "1"
            }
          }
        }
      ],
      "outputData": []
    },
    {
      "identifier": "get",
      "name": "get",
      "required": true,
      "callType": "async",
      "desc": "属性获取",
      "method": "thing.service.property.get",
      "inputData": [
        "gear2",
        "gear1",
        "temp",
        "gear3"
      ],
      "outputData": [
        {
          "identifier": "gear2",
          "name": "档位二温度",
          "dataType": {
            "type": "int",
            "specs": {
              "min": "0",
              "max": "100",
              "step": "1"
            }
          }
        },
        {
          "identifier": "gear1",
          "name": "档位一温度",
          "dataType": {
            "type": "int",
            "specs": {
              "min": "0",
              "max": "100",
              "step": "1"
            }
          }
        },
        {
          "identifier": "temp",
          "name": "当前温度",
          "dataType": {
            "type": "float",
            "specs": {
              "min": "0",
              "max": "100",
              "step": "0.1"
            }
          }
        },
        {
          "identifier": "gear3",
          "name": "档位三温度",
          "dataType": {
            "type": "int",
            "specs": {
              "min": "0",
              "max": "100",
              "step": "1"
            }
          }
        }
      ]
    }
  ]
}