{
  "schema": "https://iotx-tsl.oss-ap-southeast-1.aliyuncs.com/schema.json",
  "profile": {
    "version": "1.0",
    "productKey": "a1JuD7ay6Pj"
  },
  "properties": [
    {
      "identifier": "light",
      "name": "灯状态",
      "accessMode": "rw",
      "required": false,
      "dataType": {
        "type": "enum",
        "specs": {
          "0": "关灯",
          "1": "LED1",
          "2": "LED2",
          "3": "LED3",
          "4": "LED123"
        }
      }
    }
  ],
  "events": [
    {
      "identifier": "post",
      "name": "post",
      "type": "info",
      "required": true,
      "desc": "属性上报",
      "method": "thing.event.property.post",
      "outputData": [
        {
          "identifier": "light",
          "name": "灯状态",
          "dataType": {
            "type": "enum",
            "specs": {
              "0": "关灯",
              "1": "LED1",
              "2": "LED2",
              "3": "LED3",
              "4": "LED123"
            }
          }
        }
      ]
    }
  ],
  "services": [
    {
      "identifier": "set",
      "name": "set",
      "required": true,
      "callType": "async",
      "desc": "属性设置",
      "method": "thing.service.property.set",
      "inputData": [
        {
          "identifier": "light",
          "name": "灯状态",
          "dataType": {
            "type": "enum",
            "specs": {
              "0": "关灯",
              "1": "LED1",
              "2": "LED2",
              "3": "LED3",
              "4": "LED123"
            }
          }
        }
      ],
      "outputData": []
    },
    {
      "identifier": "get",
      "name": "get",
      "required": true,
      "callType": "async",
      "desc": "属性获取",
      "method": "thing.service.property.get",
      "inputData": [
        "light"
      ],
      "outputData": [
        {
          "identifier": "light",
          "name": "灯状态",
          "dataType": {
            "type": "enum",
            "specs": {
              "0": "关灯",
              "1": "LED1",
              "2": "LED2",
              "3": "LED3",
              "4": "LED123"
            }
          }
        }
      ]
    }
  ]
}