{
  "schema": "https://iotx-tsl.oss-ap-southeast-1.aliyuncs.com/schema.json",
  "profile": {
    "version": "1.0",
    "productKey": "h3cmCPPtcVB"
  },
  "properties": [
    {
      "identifier": "Calories",
      "name": "食物热量",
      "accessMode": "rw",
      "required": false,
      "dataType": {
        "type": "int",
        "specs": {
          "min": "0",
          "max": "10000",
          "unit": "cal",
          "unitName": "卡路里",
          "step": "1"
        }
      }
    },
    {
      "identifier": "Food_name",
      "name": "食物名称",
      "accessMode": "rw",
      "required": false,
      "dataType": {
        "type": "text",
        "specs": {
          "length": "10240"
        }
      }
    },
    {
      "identifier": "Start_enroll",
      "name": "开始录入",
      "accessMode": "rw",
      "required": false,
      "dataType": {
        "type": "bool",
        "specs": {
          "0": "结束录入",
          "1": "开始录入"
        }
      }
    },
    {
      "identifier": "Date",
      "name": "日期",
      "accessMode": "rw",
      "required": false,
      "dataType": {
        "type": "text",
        "specs": {
          "length": "10240"
        }
      }
    },
    {
      "identifier": "Height",
      "name": "身高",
      "accessMode": "rw",
      "required": false,
      "dataType": {
        "type": "float",
        "specs": {
          "min": "0",
          "max": "250",
          "unit": "cm",
          "unitName": "厘米",
          "step": "0.1"
        }
      }
    },
    {
      "identifier": "Weight",
      "name": "体重",
      "accessMode": "rw",
      "required": false,
      "dataType": {
        "type": "float",
        "specs": {
          "min": "0",
          "max": "500",
          "unit": "kg",
          "unitName": "千克",
          "step": "0.1"
        }
      }
    },
    {
      "identifier": "Age",
      "name": "年龄",
      "accessMode": "rw",
      "required": false,
      "dataType": {
        "type": "int",
        "specs": {
          "min": "0",
          "max": "120",
          "step": "1"
        }
      }
    },
    {
      "identifier": "BMI",
      "name": "体脂比",
      "accessMode": "rw",
      "required": false,
      "dataType": {
        "type": "float",
        "specs": {
          "min": "0",
          "max": "50",
          "step": "0.01"
        }
      }
    },
    {
      "identifier": "Gender",
      "name": "性别",
      "accessMode": "rw",
      "required": false,
      "dataType": {
        "type": "enum",
        "specs": {
          "0": "未选择",
          "1": "男性",
          "2": "女性"
        }
      }
    },
    {
      "identifier": "Activity_intensity",
      "name": "每日活动强度",
      "accessMode": "rw",
      "required": false,
      "dataType": {
        "type": "enum",
        "specs": {
          "0": "未选择",
          "1": "久坐",
          "2": "轻度运动",
          "3": "中度运动",
          "4": "高度运动",
          "5": "重体力劳动"
        }
      }
    },
    {
      "identifier": "Diet_suggest",
      "name": "饮食建议",
      "accessMode": "rw",
      "required": false,
      "dataType": {
        "type": "text",
        "specs": {
          "length": "10240"
        }
      }
    }
  ],
  "events": [
    {
      "identifier": "post",
      "name": "post",
      "type": "info",
      "required": true,
      "desc": "属性上报",
      "method": "thing.event.property.post",
      "outputData": [
        {
          "identifier": "Calories",
          "name": "食物热量",
          "dataType": {
            "type": "int",
            "specs": {
              "min": "0",
              "max": "10000",
              "unit": "cal",
              "unitName": "卡路里",
              "step": "1"
            }
          }
        },
        {
          "identifier": "Food_name",
          "name": "食物名称",
          "dataType": {
            "type": "text",
            "specs": {
              "length": "10240"
            }
          }
        },
        {
          "identifier": "Start_enroll",
          "name": "开始录入",
          "dataType": {
            "type": "bool",
            "specs": {
              "0": "结束录入",
              "1": "开始录入"
            }
          }
        },
        {
          "identifier": "Date",
          "name": "日期",
          "dataType": {
            "type": "text",
            "specs": {
              "length": "10240"
            }
          }
        },
        {
          "identifier": "Height",
          "name": "身高",
          "dataType": {
            "type": "float",
            "specs": {
              "min": "0",
              "max": "250",
              "unit": "cm",
              "unitName": "厘米",
              "step": "0.1"
            }
          }
        },
        {
          "identifier": "Weight",
          "name": "体重",
          "dataType": {
            "type": "float",
            "specs": {
              "min": "0",
              "max": "500",
              "unit": "kg",
              "unitName": "千克",
              "step": "0.1"
            }
          }
        },
        {
          "identifier": "Age",
          "name": "年龄",
          "dataType": {
            "type": "int",
            "specs": {
              "min": "0",
              "max": "120",
              "step": "1"
            }
          }
        },
        {
          "identifier": "BMI",
          "name": "体脂比",
          "dataType": {
            "type": "float",
            "specs": {
              "min": "0",
              "max": "50",
              "step": "0.01"
            }
          }
        },
        {
          "identifier": "Gender",
          "name": "性别",
          "dataType": {
            "type": "enum",
            "specs": {
              "0": "未选择",
              "1": "男性",
              "2": "女性"
            }
          }
        },
        {
          "identifier": "Activity_intensity",
          "name": "每日活动强度",
          "dataType": {
            "type": "enum",
            "specs": {
              "0": "未选择",
              "1": "久坐",
              "2": "轻度运动",
              "3": "中度运动",
              "4": "高度运动",
              "5": "重体力劳动"
            }
          }
        },
        {
          "identifier": "Diet_suggest",
          "name": "饮食建议",
          "dataType": {
            "type": "text",
            "specs": {
              "length": "10240"
            }
          }
        }
      ]
    }
  ],
  "services": [
    {
      "identifier": "set",
      "name": "set",
      "required": true,
      "callType": "async",
      "desc": "属性设置",
      "method": "thing.service.property.set",
      "inputData": [
        {
          "identifier": "Calories",
          "name": "食物热量",
          "dataType": {
            "type": "int",
            "specs": {
              "min": "0",
              "max": "10000",
              "unit": "cal",
              "unitName": "卡路里",
              "step": "1"
            }
          }
        },
        {
          "identifier": "Food_name",
          "name": "食物名称",
          "dataType": {
            "type": "text",
            "specs": {
              "length": "10240"
            }
          }
        },
        {
          "identifier": "Start_enroll",
          "name": "开始录入",
          "dataType": {
            "type": "bool",
            "specs": {
              "0": "结束录入",
              "1": "开始录入"
            }
          }
        },
        {
          "identifier": "Date",
          "name": "日期",
          "dataType": {
            "type": "text",
            "specs": {
              "length": "10240"
            }
          }
        },
        {
          "identifier": "Height",
          "name": "身高",
          "dataType": {
            "type": "float",
            "specs": {
              "min": "0",
              "max": "250",
              "unit": "cm",
              "unitName": "厘米",
              "step": "0.1"
            }
          }
        },
        {
          "identifier": "Weight",
          "name": "体重",
          "dataType": {
            "type": "float",
            "specs": {
              "min": "0",
              "max": "500",
              "unit": "kg",
              "unitName": "千克",
              "step": "0.1"
            }
          }
        },
        {
          "identifier": "Age",
          "name": "年龄",
          "dataType": {
            "type": "int",
            "specs": {
              "min": "0",
              "max": "120",
              "step": "1"
            }
          }
        },
        {
          "identifier": "BMI",
          "name": "体脂比",
          "dataType": {
            "type": "float",
            "specs": {
              "min": "0",
              "max": "50",
              "step": "0.01"
            }
          }
        },
        {
          "identifier": "Gender",
          "name": "性别",
          "dataType": {
            "type": "enum",
            "specs": {
              "0": "未选择",
              "1": "男性",
              "2": "女性"
            }
          }
        },
        {
          "identifier": "Activity_intensity",
          "name": "每日活动强度",
          "dataType": {
            "type": "enum",
            "specs": {
              "0": "未选择",
              "1": "久坐",
              "2": "轻度运动",
              "3": "中度运动",
              "4": "高度运动",
              "5": "重体力劳动"
            }
          }
        },
        {
          "identifier": "Diet_suggest",
          "name": "饮食建议",
          "dataType": {
            "type": "text",
            "specs": {
              "length": "10240"
            }
          }
        }
      ],
      "outputData": []
    },
    {
      "identifier": "get",
      "name": "get",
      "required": true,
      "callType": "async",
      "desc": "属性获取",
      "method": "thing.service.property.get",
      "inputData": [
        "Calories",
        "Food_name",
        "Start_enroll",
        "Date",
        "Height",
        "Weight",
        "Age",
        "BMI",
        "Gender",
        "Activity_intensity",
        "Diet_suggest"
      ],
      "outputData": [
        {
          "identifier": "Calories",
          "name": "食物热量",
          "dataType": {
            "type": "int",
            "specs": {
              "min": "0",
              "max": "10000",
              "unit": "cal",
              "unitName": "卡路里",
              "step": "1"
            }
          }
        },
        {
          "identifier": "Food_name",
          "name": "食物名称",
          "dataType": {
            "type": "text",
            "specs": {
              "length": "10240"
            }
          }
        },
        {
          "identifier": "Start_enroll",
          "name": "开始录入",
          "dataType": {
            "type": "bool",
            "specs": {
              "0": "结束录入",
              "1": "开始录入"
            }
          }
        },
        {
          "identifier": "Date",
          "name": "日期",
          "dataType": {
            "type": "text",
            "specs": {
              "length": "10240"
            }
          }
        },
        {
          "identifier": "Height",
          "name": "身高",
          "dataType": {
            "type": "float",
            "specs": {
              "min": "0",
              "max": "250",
              "unit": "cm",
              "unitName": "厘米",
              "step": "0.1"
            }
          }
        },
        {
          "identifier": "Weight",
          "name": "体重",
          "dataType": {
            "type": "float",
            "specs": {
              "min": "0",
              "max": "500",
              "unit": "kg",
              "unitName": "千克",
              "step": "0.1"
            }
          }
        },
        {
          "identifier": "Age",
          "name": "年龄",
          "dataType": {
            "type": "int",
            "specs": {
              "min": "0",
              "max": "120",
              "step": "1"
            }
          }
        },
        {
          "identifier": "BMI",
          "name": "体脂比",
          "dataType": {
            "type": "float",
            "specs": {
              "min": "0",
              "max": "50",
              "step": "0.01"
            }
          }
        },
        {
          "identifier": "Gender",
          "name": "性别",
          "dataType": {
            "type": "enum",
            "specs": {
              "0": "未选择",
              "1": "男性",
              "2": "女性"
            }
          }
        },
        {
          "identifier": "Activity_intensity",
          "name": "每日活动强度",
          "dataType": {
            "type": "enum",
            "specs": {
              "0": "未选择",
              "1": "久坐",
              "2": "轻度运动",
              "3": "中度运动",
              "4": "高度运动",
              "5": "重体力劳动"
            }
          }
        },
        {
          "identifier": "Diet_suggest",
          "name": "饮食建议",
          "dataType": {
            "type": "text",
            "specs": {
              "length": "10240"
            }
          }
        }
      ]
    }
  ]
}