{
  "schema": "https://iotx-tsl.oss-ap-southeast-1.aliyuncs.com/schema.json",
  "profile": {
    "version": "1.0",
    "productKey": "a1iJzDtH0Hy"
  },
  "properties": [
    {
      "identifier": "ver",
      "name": "设备版本",
      "accessMode": "r",
      "required": false,
      "dataType": {
        "type": "text",
        "specs": {
          "length": "64"
        }
      }
    },
    {
      "identifier": "liq_mdcn_re",
      "name": "液位",
      "accessMode": "r",
      "required": false,
      "dataType": {
        "type": "bool",
        "specs": {
          "0": "低",
          "1": "高"
        }
      }
    },
    {
      "identifier": "gasval",
      "name": "气体值",
      "accessMode": "r",
      "required": false,
      "dataType": {
        "type": "int",
        "specs": {
          "min": "0",
          "max": "1000",
          "step": "1"
        }
      }
    },
    {
      "identifier": "gasalarm",
      "name": "气体告警状态",
      "accessMode": "r",
      "required": false,
      "dataType": {
        "type": "bool",
        "specs": {
          "0": "无告警",
          "1": "告警"
        }
      }
    },
    {
      "identifier": "powerstate",
      "name": "下行控制",
      "accessMode": "rw",
      "required": false,
      "dataType": {
        "type": "bool",
        "specs": {
          "0": "关",
          "1": "开"
        }
      }
    },
    {
      "identifier": "gasstr",
      "name": "气体浓度阈值",
      "accessMode": "rw",
      "required": false,
      "dataType": {
        "type": "float",
        "specs": {
          "min": "0.00",
          "max": "100.00",
          "unit": "mg/L",
          "unitName": "毫克每升",
          "step": "0.01"
        }
      }
    },
    {
      "identifier": "t1",
      "name": "t1",
      "accessMode": "rw",
      "required": false,
      "dataType": {
        "type": "int",
        "specs": {
          "min": "30",
          "max": "600",
          "step": "1"
        }
      }
    }
  ],
  "events": [
    {
      "identifier": "post",
      "name": "post",
      "type": "info",
      "required": true,
      "desc": "属性上报",
      "method": "thing.event.property.post",
      "outputData": [
        {
          "identifier": "ver",
          "name": "设备版本",
          "dataType": {
            "type": "text",
            "specs": {
              "length": "64"
            }
          }
        },
        {
          "identifier": "liq_mdcn_re",
          "name": "液位",
          "dataType": {
            "type": "bool",
            "specs": {
              "0": "低",
              "1": "高"
            }
          }
        },
        {
          "identifier": "gasval",
          "name": "气体值",
          "dataType": {
            "type": "int",
            "specs": {
              "min": "0",
              "max": "1000",
              "step": "1"
            }
          }
        },
        {
          "identifier": "gasalarm",
          "name": "气体告警状态",
          "dataType": {
            "type": "bool",
            "specs": {
              "0": "无告警",
              "1": "告警"
            }
          }
        },
        {
          "identifier": "powerstate",
          "name": "下行控制",
          "dataType": {
            "type": "bool",
            "specs": {
              "0": "关",
              "1": "开"
            }
          }
        },
        {
          "identifier": "gasstr",
          "name": "气体浓度阈值",
          "dataType": {
            "type": "float",
            "specs": {
              "min": "0.00",
              "max": "100.00",
              "unit": "mg/L",
              "unitName": "毫克每升",
              "step": "0.01"
            }
          }
        },
        {
          "identifier": "t1",
          "name": "t1",
          "dataType": {
            "type": "int",
            "specs": {
              "min": "30",
              "max": "600",
              "step": "1"
            }
          }
        }
      ]
    }
  ],
  "services": [
    {
      "identifier": "set",
      "name": "set",
      "required": true,
      "callType": "async",
      "desc": "属性设置",
      "method": "thing.service.property.set",
      "inputData": [
        {
          "identifier": "powerstate",
          "name": "下行控制",
          "dataType": {
            "type": "bool",
            "specs": {
              "0": "关",
              "1": "开"
            }
          }
        },
        {
          "identifier": "gasstr",
          "name": "气体浓度阈值",
          "dataType": {
            "type": "float",
            "specs": {
              "min": "0.00",
              "max": "100.00",
              "unit": "mg/L",
              "unitName": "毫克每升",
              "step": "0.01"
            }
          }
        },
        {
          "identifier": "t1",
          "name": "t1",
          "dataType": {
            "type": "int",
            "specs": {
              "min": "30",
              "max": "600",
              "step": "1"
            }
          }
        }
      ],
      "outputData": []
    },
    {
      "identifier": "get",
      "name": "get",
      "required": true,
      "callType": "async",
      "desc": "属性获取",
      "method": "thing.service.property.get",
      "inputData": [
        "ver",
        "liq_mdcn_re",
        "gasval",
        "gasalarm",
        "powerstate",
        "gasstr",
        "t1"
      ],
      "outputData": [
        {
          "identifier": "ver",
          "name": "设备版本",
          "dataType": {
            "type": "text",
            "specs": {
              "length": "64"
            }
          }
        },
        {
          "identifier": "liq_mdcn_re",
          "name": "液位",
          "dataType": {
            "type": "bool",
            "specs": {
              "0": "低",
              "1": "高"
            }
          }
        },
        {
          "identifier": "gasval",
          "name": "气体值",
          "dataType": {
            "type": "int",
            "specs": {
              "min": "0",
              "max": "1000",
              "step": "1"
            }
          }
        },
        {
          "identifier": "gasalarm",
          "name": "气体告警状态",
          "dataType": {
            "type": "bool",
            "specs": {
              "0": "无告警",
              "1": "告警"
            }
          }
        },
        {
          "identifier": "powerstate",
          "name": "下行控制",
          "dataType": {
            "type": "bool",
            "specs": {
              "0": "关",
              "1": "开"
            }
          }
        },
        {
          "identifier": "gasstr",
          "name": "气体浓度阈值",
          "dataType": {
            "type": "float",
            "specs": {
              "min": "0.00",
              "max": "100.00",
              "unit": "mg/L",
              "unitName": "毫克每升",
              "step": "0.01"
            }
          }
        },
        {
          "identifier": "t1",
          "name": "t1",
          "dataType": {
            "type": "int",
            "specs": {
              "min": "30",
              "max": "600",
              "step": "1"
            }
          }
        }
      ]
    }
  ]
}