{
  "schema": "https://iotx-tsl.oss-ap-southeast-1.aliyuncs.com/schema.json",
  "profile": {
    "version": "1.0",
    "productKey": "a1laDtv9VrO"
  },
  "properties": [
    {
      "identifier": "open_door",
      "name": "开门状态",
      "accessMode": "rw",
      "required": false,
      "dataType": {
        "type": "int",
        "specs": {
          "min": "0",
          "max": "1",
          "step": "1"
        }
      }
    }
  ],
  "events": [
    {
      "identifier": "post",
      "name": "post",
      "type": "info",
      "required": true,
      "desc": "属性上报",
      "method": "thing.event.property.post",
      "outputData": [
        {
          "identifier": "open_door",
          "name": "开门状态",
          "dataType": {
            "type": "int",
            "specs": {
              "min": "0",
              "max": "1",
              "step": "1"
            }
          }
        }
      ]
    }
  ],
  "services": [
    {
      "identifier": "set",
      "name": "set",
      "required": true,
      "callType": "async",
      "desc": "属性设置",
      "method": "thing.service.property.set",
      "inputData": [
        {
          "identifier": "open_door",
          "name": "开门状态",
          "dataType": {
            "type": "int",
            "specs": {
              "min": "0",
              "max": "1",
              "step": "1"
            }
          }
        }
      ],
      "outputData": []
    },
    {
      "identifier": "get",
      "name": "get",
      "required": true,
      "callType": "async",
      "desc": "属性获取",
      "method": "thing.service.property.get",
      "inputData": [
        "open_door"
      ],
      "outputData": [
        {
          "identifier": "open_door",
          "name": "开门状态",
          "dataType": {
            "type": "int",
            "specs": {
              "min": "0",
              "max": "1",
              "step": "1"
            }
          }
        }
      ]
    }
  ]
}