{
  "schema": "https://iotx-tsl.oss-ap-southeast-1.aliyuncs.com/schema.json",
  "profile": {
    "version": "1.0",
    "productKey": "gp3azkWsak4"
  },
  "properties": [
    {
      "identifier": "WaterTemperature",
      "name": "水温",
      "accessMode": "rw",
      "required": false,
      "dataType": {
        "type": "float",
        "specs": {
          "min": "0",
          "max": "80",
          "unit": "℃",
          "unitName": "摄氏度",
          "step": "1"
        }
      }
    },
    {
      "identifier": "TDS",
      "name": "TDS值",
      "accessMode": "r",
      "required": false,
      "dataType": {
        "type": "int",
        "specs": {
          "min": "0",
          "max": "3000",
          "unitName": "无",
          "step": "1"
        }
      }
    },
    {
      "identifier": "WaterLevel",
      "name": "水位高度",
      "accessMode": "r",
      "required": false,
      "dataType": {
        "type": "float",
        "specs": {
          "min": "0",
          "max": "1",
          "step": "0.1"
        }
      }
    },
    {
      "identifier": "MakeHeat",
      "name": "加热开关",
      "accessMode": "rw",
      "required": false,
      "dataType": {
        "type": "bool",
        "specs": {
          "0": "关闭加热器",
          "1": "打开加热器"
        }
      }
    },
    {
      "identifier": "StartFilter",
      "name": "过滤开关",
      "accessMode": "rw",
      "required": false,
      "dataType": {
        "type": "bool",
        "specs": {
          "0": "关闭过滤器",
          "1": "打开过滤器"
        }
      }
    },
    {
      "identifier": "AddWater",
      "name": "加水开关",
      "accessMode": "rw",
      "required": false,
      "dataType": {
        "type": "bool",
        "specs": {
          "0": "停止加水",
          "1": "开启加水"
        }
      }
    }
  ],
  "events": [
    {
      "identifier": "post",
      "name": "post",
      "type": "info",
      "required": true,
      "desc": "属性上报",
      "method": "thing.event.property.post",
      "outputData": [
        {
          "identifier": "WaterTemperature",
          "name": "水温",
          "dataType": {
            "type": "float",
            "specs": {
              "min": "0",
              "max": "80",
              "unit": "℃",
              "unitName": "摄氏度",
              "step": "1"
            }
          }
        },
        {
          "identifier": "TDS",
          "name": "TDS值",
          "dataType": {
            "type": "int",
            "specs": {
              "min": "0",
              "max": "3000",
              "unitName": "无",
              "step": "1"
            }
          }
        },
        {
          "identifier": "WaterLevel",
          "name": "水位高度",
          "dataType": {
            "type": "float",
            "specs": {
              "min": "0",
              "max": "1",
              "step": "0.1"
            }
          }
        },
        {
          "identifier": "MakeHeat",
          "name": "加热开关",
          "dataType": {
            "type": "bool",
            "specs": {
              "0": "关闭加热器",
              "1": "打开加热器"
            }
          }
        },
        {
          "identifier": "StartFilter",
          "name": "过滤开关",
          "dataType": {
            "type": "bool",
            "specs": {
              "0": "关闭过滤器",
              "1": "打开过滤器"
            }
          }
        },
        {
          "identifier": "AddWater",
          "name": "加水开关",
          "dataType": {
            "type": "bool",
            "specs": {
              "0": "停止加水",
              "1": "开启加水"
            }
          }
        }
      ]
    }
  ],
  "services": [
    {
      "identifier": "set",
      "name": "set",
      "required": true,
      "callType": "async",
      "desc": "属性设置",
      "method": "thing.service.property.set",
      "inputData": [
        {
          "identifier": "WaterTemperature",
          "name": "水温",
          "dataType": {
            "type": "float",
            "specs": {
              "min": "0",
              "max": "80",
              "unit": "℃",
              "unitName": "摄氏度",
              "step": "1"
            }
          }
        },
        {
          "identifier": "MakeHeat",
          "name": "加热开关",
          "dataType": {
            "type": "bool",
            "specs": {
              "0": "关闭加热器",
              "1": "打开加热器"
            }
          }
        },
        {
          "identifier": "StartFilter",
          "name": "过滤开关",
          "dataType": {
            "type": "bool",
            "specs": {
              "0": "关闭过滤器",
              "1": "打开过滤器"
            }
          }
        },
        {
          "identifier": "AddWater",
          "name": "加水开关",
          "dataType": {
            "type": "bool",
            "specs": {
              "0": "停止加水",
              "1": "开启加水"
            }
          }
        }
      ],
      "outputData": []
    },
    {
      "identifier": "get",
      "name": "get",
      "required": true,
      "callType": "async",
      "desc": "属性获取",
      "method": "thing.service.property.get",
      "inputData": [
        "WaterTemperature",
        "TDS",
        "WaterLevel",
        "MakeHeat",
        "StartFilter",
        "AddWater"
      ],
      "outputData": [
        {
          "identifier": "WaterTemperature",
          "name": "水温",
          "dataType": {
            "type": "float",
            "specs": {
              "min": "0",
              "max": "80",
              "unit": "℃",
              "unitName": "摄氏度",
              "step": "1"
            }
          }
        },
        {
          "identifier": "TDS",
          "name": "TDS值",
          "dataType": {
            "type": "int",
            "specs": {
              "min": "0",
              "max": "3000",
              "unitName": "无",
              "step": "1"
            }
          }
        },
        {
          "identifier": "WaterLevel",
          "name": "水位高度",
          "dataType": {
            "type": "float",
            "specs": {
              "min": "0",
              "max": "1",
              "step": "0.1"
            }
          }
        },
        {
          "identifier": "MakeHeat",
          "name": "加热开关",
          "dataType": {
            "type": "bool",
            "specs": {
              "0": "关闭加热器",
              "1": "打开加热器"
            }
          }
        },
        {
          "identifier": "StartFilter",
          "name": "过滤开关",
          "dataType": {
            "type": "bool",
            "specs": {
              "0": "关闭过滤器",
              "1": "打开过滤器"
            }
          }
        },
        {
          "identifier": "AddWater",
          "name": "加水开关",
          "dataType": {
            "type": "bool",
            "specs": {
              "0": "停止加水",
              "1": "开启加水"
            }
          }
        }
      ]
    }
  ]
}