{
  "schema": "https://iotx-tsl.oss-ap-southeast-1.aliyuncs.com/schema.json",
  "profile": {
    "version": "1.0",
    "productKey": "gyd2gEe788T"
  },
  "properties": [
    {
      "identifier": "battery_voltage",
      "name": "电池电压",
      "accessMode": "r",
      "required": false,
      "dataType": {
        "type": "double",
        "specs": {
          "min": "0.0",
          "max": "13.0",
          "unit": "V",
          "unitName": "伏特",
          "step": "0.01"
        }
      }
    },
    {
      "identifier": "brightness",
      "name": "光线强度",
      "accessMode": "r",
      "desc": "内容推荐。0：未知状态，1：熄屏，2：亮屏",
      "required": false,
      "dataType": {
        "type": "int",
        "specs": {
          "min": "0",
          "max": "30000",
          "unit": "lm",
          "unitName": "流明",
          "step": "1"
        }
      }
    },
    {
      "identifier": "current",
      "name": "充电电流",
      "accessMode": "r",
      "required": false,
      "dataType": {
        "type": "float",
        "specs": {
          "min": "0.00",
          "max": "3.00",
          "unit": "A",
          "unitName": "安培",
          "step": "0.01"
        }
      }
    }
  ],
  "events": [
    {
      "identifier": "post",
      "name": "post",
      "type": "info",
      "required": true,
      "desc": "属性上报",
      "method": "thing.event.property.post",
      "outputData": [
        {
          "identifier": "battery_voltage",
          "name": "电池电压",
          "dataType": {
            "type": "double",
            "specs": {
              "min": "0.0",
              "max": "13.0",
              "unit": "V",
              "unitName": "伏特",
              "step": "0.01"
            }
          }
        },
        {
          "identifier": "brightness",
          "name": "光线强度",
          "dataType": {
            "type": "int",
            "specs": {
              "min": "0",
              "max": "30000",
              "unit": "lm",
              "unitName": "流明",
              "step": "1"
            }
          }
        },
        {
          "identifier": "current",
          "name": "充电电流",
          "dataType": {
            "type": "float",
            "specs": {
              "min": "0.00",
              "max": "3.00",
              "unit": "A",
              "unitName": "安培",
              "step": "0.01"
            }
          }
        }
      ]
    }
  ],
  "services": [
    {
      "identifier": "set",
      "name": "set",
      "required": true,
      "callType": "async",
      "desc": "属性设置",
      "method": "thing.service.property.set",
      "inputData": [],
      "outputData": []
    },
    {
      "identifier": "get",
      "name": "get",
      "required": true,
      "callType": "async",
      "desc": "属性获取",
      "method": "thing.service.property.get",
      "inputData": [
        "battery_voltage",
        "brightness",
        "current"
      ],
      "outputData": [
        {
          "identifier": "battery_voltage",
          "name": "电池电压",
          "dataType": {
            "type": "double",
            "specs": {
              "min": "0.0",
              "max": "13.0",
              "unit": "V",
              "unitName": "伏特",
              "step": "0.01"
            }
          }
        },
        {
          "identifier": "brightness",
          "name": "光线强度",
          "dataType": {
            "type": "int",
            "specs": {
              "min": "0",
              "max": "30000",
              "unit": "lm",
              "unitName": "流明",
              "step": "1"
            }
          }
        },
        {
          "identifier": "current",
          "name": "充电电流",
          "dataType": {
            "type": "float",
            "specs": {
              "min": "0.00",
              "max": "3.00",
              "unit": "A",
              "unitName": "安培",
              "step": "0.01"
            }
          }
        }
      ]
    }
  ]
}