{
  "schema": "https://iotx-tsl.oss-ap-southeast-1.aliyuncs.com/schema.json",
  "profile": {
    "version": "1.0",
    "productKey": "a1bAWdk23jE"
  },
  "properties": [
    {
      "identifier": "gasVoltage",
      "name": "燃气检测电压值",
      "accessMode": "r",
      "desc": "燃气传感器检测的电压值",
      "required": false,
      "dataType": {
        "type": "int",
        "specs": {
          "min": "1",
          "max": "1800",
          "unit": "mV",
          "unitName": "毫伏",
          "step": "1"
        }
      }
    },
    {
      "identifier": "alarmLight",
      "name": "报警灯",
      "accessMode": "rw",
      "required": false,
      "dataType": {
        "type": "bool",
        "specs": {
          "0": "停止报警",
          "1": "开始报警"
        }
      }
    }
  ],
  "events": [
    {
      "identifier": "post",
      "name": "post",
      "type": "info",
      "required": true,
      "desc": "属性上报",
      "method": "thing.event.property.post",
      "outputData": [
        {
          "identifier": "gasVoltage",
          "name": "燃气检测电压值",
          "dataType": {
            "type": "int",
            "specs": {
              "min": "1",
              "max": "1800",
              "unit": "mV",
              "unitName": "毫伏",
              "step": "1"
            }
          }
        },
        {
          "identifier": "alarmLight",
          "name": "报警灯",
          "dataType": {
            "type": "bool",
            "specs": {
              "0": "停止报警",
              "1": "开始报警"
            }
          }
        }
      ]
    }
  ],
  "services": [
    {
      "identifier": "set",
      "name": "set",
      "required": true,
      "callType": "async",
      "desc": "属性设置",
      "method": "thing.service.property.set",
      "inputData": [
        {
          "identifier": "alarmLight",
          "name": "报警灯",
          "dataType": {
            "type": "bool",
            "specs": {
              "0": "停止报警",
              "1": "开始报警"
            }
          }
        }
      ],
      "outputData": []
    },
    {
      "identifier": "get",
      "name": "get",
      "required": true,
      "callType": "async",
      "desc": "属性获取",
      "method": "thing.service.property.get",
      "inputData": [
        "gasVoltage",
        "alarmLight"
      ],
      "outputData": [
        {
          "identifier": "gasVoltage",
          "name": "燃气检测电压值",
          "dataType": {
            "type": "int",
            "specs": {
              "min": "1",
              "max": "1800",
              "unit": "mV",
              "unitName": "毫伏",
              "step": "1"
            }
          }
        },
        {
          "identifier": "alarmLight",
          "name": "报警灯",
          "dataType": {
            "type": "bool",
            "specs": {
              "0": "停止报警",
              "1": "开始报警"
            }
          }
        }
      ]
    }
  ]
}