{
  "schema": "https://iotx-tsl.oss-ap-southeast-1.aliyuncs.com/schema.json",
  "profile": {
    "version": "1.0",
    "productKey": "gyd28dYwPEA"
  },
  "properties": [
    {
      "identifier": "brightness",
      "name": "光线强度",
      "accessMode": "rw",
      "required": false,
      "dataType": {
        "type": "int",
        "specs": {
          "min": "0",
          "max": "30000",
          "unit": "lm",
          "unitName": "流明",
          "step": "1"
        }
      }
    },
    {
      "identifier": "lamp_state",
      "name": "路灯状态",
      "accessMode": "rw",
      "required": false,
      "dataType": {
        "type": "bool",
        "specs": {
          "0": "关",
          "1": "开"
        }
      }
    },
    {
      "identifier": "battery_voltage",
      "name": "电池电压",
      "accessMode": "r",
      "required": false,
      "dataType": {
        "type": "double",
        "specs": {
          "min": "0",
          "max": "13",
          "unit": "V",
          "unitName": "伏特",
          "step": "0.01"
        }
      }
    },
    {
      "identifier": "power_type",
      "name": "供电方式",
      "accessMode": "rw",
      "required": false,
      "dataType": {
        "type": "bool",
        "specs": {
          "0": "市电供电",
          "1": "电池供电"
        }
      }
    },
    {
      "identifier": "bat_time",
      "name": "今日电池供电时长",
      "accessMode": "r",
      "required": false,
      "dataType": {
        "type": "int",
        "specs": {
          "min": "0",
          "max": "1200",
          "unit": "min",
          "unitName": "分钟",
          "step": "1"
        }
      }
    },
    {
      "identifier": "dc_time",
      "name": "今日市电供电时长",
      "accessMode": "r",
      "required": false,
      "dataType": {
        "type": "int",
        "specs": {
          "min": "0",
          "max": "1200",
          "unit": "min",
          "unitName": "分钟",
          "step": "1"
        }
      }
    },
    {
      "identifier": "work_mode",
      "name": "工作模式",
      "accessMode": "rw",
      "required": false,
      "dataType": {
        "type": "bool",
        "specs": {
          "0": "自动模式",
          "1": "手动模式"
        }
      }
    }
  ],
  "events": [
    {
      "identifier": "post",
      "name": "post",
      "type": "info",
      "required": true,
      "desc": "属性上报",
      "method": "thing.event.property.post",
      "outputData": [
        {
          "identifier": "brightness",
          "name": "光线强度",
          "dataType": {
            "type": "int",
            "specs": {
              "min": "0",
              "max": "30000",
              "unit": "lm",
              "unitName": "流明",
              "step": "1"
            }
          }
        },
        {
          "identifier": "lamp_state",
          "name": "路灯状态",
          "dataType": {
            "type": "bool",
            "specs": {
              "0": "关",
              "1": "开"
            }
          }
        },
        {
          "identifier": "battery_voltage",
          "name": "电池电压",
          "dataType": {
            "type": "double",
            "specs": {
              "min": "0",
              "max": "13",
              "unit": "V",
              "unitName": "伏特",
              "step": "0.01"
            }
          }
        },
        {
          "identifier": "power_type",
          "name": "供电方式",
          "dataType": {
            "type": "bool",
            "specs": {
              "0": "市电供电",
              "1": "电池供电"
            }
          }
        },
        {
          "identifier": "bat_time",
          "name": "今日电池供电时长",
          "dataType": {
            "type": "int",
            "specs": {
              "min": "0",
              "max": "1200",
              "unit": "min",
              "unitName": "分钟",
              "step": "1"
            }
          }
        },
        {
          "identifier": "dc_time",
          "name": "今日市电供电时长",
          "dataType": {
            "type": "int",
            "specs": {
              "min": "0",
              "max": "1200",
              "unit": "min",
              "unitName": "分钟",
              "step": "1"
            }
          }
        },
        {
          "identifier": "work_mode",
          "name": "工作模式",
          "dataType": {
            "type": "bool",
            "specs": {
              "0": "自动模式",
              "1": "手动模式"
            }
          }
        }
      ]
    }
  ],
  "services": [
    {
      "identifier": "set",
      "name": "set",
      "required": true,
      "callType": "async",
      "desc": "属性设置",
      "method": "thing.service.property.set",
      "inputData": [
        {
          "identifier": "brightness",
          "name": "光线强度",
          "dataType": {
            "type": "int",
            "specs": {
              "min": "0",
              "max": "30000",
              "unit": "lm",
              "unitName": "流明",
              "step": "1"
            }
          }
        },
        {
          "identifier": "lamp_state",
          "name": "路灯状态",
          "dataType": {
            "type": "bool",
            "specs": {
              "0": "关",
              "1": "开"
            }
          }
        },
        {
          "identifier": "power_type",
          "name": "供电方式",
          "dataType": {
            "type": "bool",
            "specs": {
              "0": "市电供电",
              "1": "电池供电"
            }
          }
        },
        {
          "identifier": "work_mode",
          "name": "工作模式",
          "dataType": {
            "type": "bool",
            "specs": {
              "0": "自动模式",
              "1": "手动模式"
            }
          }
        }
      ],
      "outputData": []
    },
    {
      "identifier": "get",
      "name": "get",
      "required": true,
      "callType": "async",
      "desc": "属性获取",
      "method": "thing.service.property.get",
      "inputData": [
        "brightness",
        "lamp_state",
        "battery_voltage",
        "power_type",
        "bat_time",
        "dc_time",
        "work_mode"
      ],
      "outputData": [
        {
          "identifier": "brightness",
          "name": "光线强度",
          "dataType": {
            "type": "int",
            "specs": {
              "min": "0",
              "max": "30000",
              "unit": "lm",
              "unitName": "流明",
              "step": "1"
            }
          }
        },
        {
          "identifier": "lamp_state",
          "name": "路灯状态",
          "dataType": {
            "type": "bool",
            "specs": {
              "0": "关",
              "1": "开"
            }
          }
        },
        {
          "identifier": "battery_voltage",
          "name": "电池电压",
          "dataType": {
            "type": "double",
            "specs": {
              "min": "0",
              "max": "13",
              "unit": "V",
              "unitName": "伏特",
              "step": "0.01"
            }
          }
        },
        {
          "identifier": "power_type",
          "name": "供电方式",
          "dataType": {
            "type": "bool",
            "specs": {
              "0": "市电供电",
              "1": "电池供电"
            }
          }
        },
        {
          "identifier": "bat_time",
          "name": "今日电池供电时长",
          "dataType": {
            "type": "int",
            "specs": {
              "min": "0",
              "max": "1200",
              "unit": "min",
              "unitName": "分钟",
              "step": "1"
            }
          }
        },
        {
          "identifier": "dc_time",
          "name": "今日市电供电时长",
          "dataType": {
            "type": "int",
            "specs": {
              "min": "0",
              "max": "1200",
              "unit": "min",
              "unitName": "分钟",
              "step": "1"
            }
          }
        },
        {
          "identifier": "work_mode",
          "name": "工作模式",
          "dataType": {
            "type": "bool",
            "specs": {
              "0": "自动模式",
              "1": "手动模式"
            }
          }
        }
      ]
    }
  ]
}