{
  "schema": "https://iotx-tsl.oss-ap-southeast-1.aliyuncs.com/schema.json",
  "profile": {
    "version": "1.0",
    "productKey": "gyd2HK4GEJQ"
  },
  "properties": [
    {
      "identifier": "humidity",
      "name": "humidity",
      "accessMode": "rw",
      "required": false,
      "dataType": {
        "type": "float",
        "specs": {
          "min": "0",
          "max": "100",
          "unit": "%RH",
          "unitName": "相对湿度",
          "step": "0.1"
        }
      }
    },
    {
      "identifier": "temperature",
      "name": "temperature",
      "accessMode": "rw",
      "required": false,
      "dataType": {
        "type": "float",
        "specs": {
          "min": "-100",
          "max": "100",
          "unit": "°C",
          "unitName": "摄氏度",
          "step": "0.1"
        }
      }
    },
    {
      "identifier": "brightness",
      "name": "brightness",
      "accessMode": "rw",
      "required": false,
      "dataType": {
        "type": "int",
        "specs": {
          "min": "0",
          "max": "30000",
          "unit": "lm",
          "unitName": "流明",
          "step": "1"
        }
      }
    },
    {
      "identifier": "switch0",
      "name": "空调开关",
      "accessMode": "rw",
      "required": false,
      "dataType": {
        "type": "bool",
        "specs": {
          "0": "关",
          "1": "开"
        }
      }
    },
    {
      "identifier": "switch1",
      "name": "加湿器开关",
      "accessMode": "rw",
      "required": false,
      "dataType": {
        "type": "bool",
        "specs": {
          "0": "关",
          "1": "开"
        }
      }
    },
    {
      "identifier": "switch2",
      "name": "电灯开关",
      "accessMode": "rw",
      "required": false,
      "dataType": {
        "type": "bool",
        "specs": {
          "0": "关",
          "1": "开"
        }
      }
    }
  ],
  "events": [
    {
      "identifier": "post",
      "name": "post",
      "type": "info",
      "required": true,
      "desc": "属性上报",
      "method": "thing.event.property.post",
      "outputData": [
        {
          "identifier": "humidity",
          "name": "humidity",
          "dataType": {
            "type": "float",
            "specs": {
              "min": "0",
              "max": "100",
              "unit": "%RH",
              "unitName": "相对湿度",
              "step": "0.1"
            }
          }
        },
        {
          "identifier": "temperature",
          "name": "temperature",
          "dataType": {
            "type": "float",
            "specs": {
              "min": "-100",
              "max": "100",
              "unit": "°C",
              "unitName": "摄氏度",
              "step": "0.1"
            }
          }
        },
        {
          "identifier": "brightness",
          "name": "brightness",
          "dataType": {
            "type": "int",
            "specs": {
              "min": "0",
              "max": "30000",
              "unit": "lm",
              "unitName": "流明",
              "step": "1"
            }
          }
        },
        {
          "identifier": "switch0",
          "name": "空调开关",
          "dataType": {
            "type": "bool",
            "specs": {
              "0": "关",
              "1": "开"
            }
          }
        },
        {
          "identifier": "switch1",
          "name": "加湿器开关",
          "dataType": {
            "type": "bool",
            "specs": {
              "0": "关",
              "1": "开"
            }
          }
        },
        {
          "identifier": "switch2",
          "name": "电灯开关",
          "dataType": {
            "type": "bool",
            "specs": {
              "0": "关",
              "1": "开"
            }
          }
        }
      ]
    }
  ],
  "services": [
    {
      "identifier": "set",
      "name": "set",
      "required": true,
      "callType": "async",
      "desc": "属性设置",
      "method": "thing.service.property.set",
      "inputData": [
        {
          "identifier": "humidity",
          "name": "humidity",
          "dataType": {
            "type": "float",
            "specs": {
              "min": "0",
              "max": "100",
              "unit": "%RH",
              "unitName": "相对湿度",
              "step": "0.1"
            }
          }
        },
        {
          "identifier": "temperature",
          "name": "temperature",
          "dataType": {
            "type": "float",
            "specs": {
              "min": "-100",
              "max": "100",
              "unit": "°C",
              "unitName": "摄氏度",
              "step": "0.1"
            }
          }
        },
        {
          "identifier": "brightness",
          "name": "brightness",
          "dataType": {
            "type": "int",
            "specs": {
              "min": "0",
              "max": "30000",
              "unit": "lm",
              "unitName": "流明",
              "step": "1"
            }
          }
        },
        {
          "identifier": "switch0",
          "name": "空调开关",
          "dataType": {
            "type": "bool",
            "specs": {
              "0": "关",
              "1": "开"
            }
          }
        },
        {
          "identifier": "switch1",
          "name": "加湿器开关",
          "dataType": {
            "type": "bool",
            "specs": {
              "0": "关",
              "1": "开"
            }
          }
        },
        {
          "identifier": "switch2",
          "name": "电灯开关",
          "dataType": {
            "type": "bool",
            "specs": {
              "0": "关",
              "1": "开"
            }
          }
        }
      ],
      "outputData": []
    },
    {
      "identifier": "get",
      "name": "get",
      "required": true,
      "callType": "async",
      "desc": "属性获取",
      "method": "thing.service.property.get",
      "inputData": [
        "humidity",
        "temperature",
        "brightness",
        "switch0",
        "switch1",
        "switch2"
      ],
      "outputData": [
        {
          "identifier": "humidity",
          "name": "humidity",
          "dataType": {
            "type": "float",
            "specs": {
              "min": "0",
              "max": "100",
              "unit": "%RH",
              "unitName": "相对湿度",
              "step": "0.1"
            }
          }
        },
        {
          "identifier": "temperature",
          "name": "temperature",
          "dataType": {
            "type": "float",
            "specs": {
              "min": "-100",
              "max": "100",
              "unit": "°C",
              "unitName": "摄氏度",
              "step": "0.1"
            }
          }
        },
        {
          "identifier": "brightness",
          "name": "brightness",
          "dataType": {
            "type": "int",
            "specs": {
              "min": "0",
              "max": "30000",
              "unit": "lm",
              "unitName": "流明",
              "step": "1"
            }
          }
        },
        {
          "identifier": "switch0",
          "name": "空调开关",
          "dataType": {
            "type": "bool",
            "specs": {
              "0": "关",
              "1": "开"
            }
          }
        },
        {
          "identifier": "switch1",
          "name": "加湿器开关",
          "dataType": {
            "type": "bool",
            "specs": {
              "0": "关",
              "1": "开"
            }
          }
        },
        {
          "identifier": "switch2",
          "name": "电灯开关",
          "dataType": {
            "type": "bool",
            "specs": {
              "0": "关",
              "1": "开"
            }
          }
        }
      ]
    }
  ]
}