{
  "schema": "https://iotx-tsl.oss-ap-southeast-1.aliyuncs.com/schema.json",
  "profile": {
    "version": "1.0",
    "productKey": "a1laDtv9VrO"
  },
  "properties": [
    {
      "identifier": "lat",
      "name": "维度",
      "accessMode": "r",
      "required": false,
      "dataType": {
        "type": "text",
        "specs": {
          "length": "10240"
        }
      }
    },
    {
      "identifier": "long",
      "name": "经度",
      "accessMode": "r",
      "required": false,
      "dataType": {
        "type": "text",
        "specs": {
          "length": "10240"
        }
      }
    }
  ],
  "events": [
    {
      "identifier": "post",
      "name": "post",
      "type": "info",
      "required": true,
      "desc": "属性上报",
      "method": "thing.event.property.post",
      "outputData": [
        {
          "identifier": "lat",
          "name": "维度",
          "dataType": {
            "type": "text",
            "specs": {
              "length": "10240"
            }
          }
        },
        {
          "identifier": "long",
          "name": "经度",
          "dataType": {
            "type": "text",
            "specs": {
              "length": "10240"
            }
          }
        }
      ]
    }
  ],
  "services": [
    {
      "identifier": "set",
      "name": "set",
      "required": true,
      "callType": "async",
      "desc": "属性设置",
      "method": "thing.service.property.set",
      "inputData": [],
      "outputData": []
    },
    {
      "identifier": "get",
      "name": "get",
      "required": true,
      "callType": "async",
      "desc": "属性获取",
      "method": "thing.service.property.get",
      "inputData": [
        "lat",
        "long"
      ],
      "outputData": [
        {
          "identifier": "lat",
          "name": "维度",
          "dataType": {
            "type": "text",
            "specs": {
              "length": "10240"
            }
          }
        },
        {
          "identifier": "long",
          "name": "经度",
          "dataType": {
            "type": "text",
            "specs": {
              "length": "10240"
            }
          }
        }
      ]
    }
  ]
}